TRANSACTION_ID,DATE,QUARTER,REGION,PRODUCT_CATEGORY,REVENUE,MATERIAL_COST,SHIPPING_COST
100001,15-01-2025,Q1,APAC,Enterprise Cloud Software,12796.91,1956.72,632.91
100002,16-01-2025,Q1,North America,Edge Hardware Platforms,16674.17,6193.28,20261.28
100003,17-01-2025,Q1,North America,Edge Hardware Platforms,28771.05,10359.37,3792.4
100004,18-01-2025,Q1,Europe,Edge Hardware Platforms,10141.33,3669.59,1222.99
100005,19-01-2025,Q1,North America,Enterprise Cloud Software,14737.56,2092.49,676.54
100006,20-01-2025,Q2,Europe,Edge Hardware Platforms,29664.62,11786.97,3816.01
100007,21-01-2025,Q2,Europe,Edge Hardware Platforms,10265.3,4469.27,1247.43
100008,22-01-2025,Q2,North America,Enterprise Cloud Software,7308.94,1039.56,378.84
100009,23-01-2025,Q2,Europe,SaaS Subscriptions,3040.19,297.4,56.94
100010,24-01-2025,Q3,APAC,Edge Hardware Platforms,14158.83,5740.22,1539.79
100011,25-01-2025,Q3,APAC,Edge Hardware Platforms,17903,7772.28,2246.01
100012,26-01-2025,Q3,Europe,Edge Hardware Platforms,29223.44,12494.85,3680.27
100013,27-01-2025,Q3,Europe,Enterprise Cloud Software,29305.11,11972.98,3359.07
100014,28-01-2025,Q3,North America,Enterprise Cloud Software,5156.36,761.6,252.4
100015,29-01-2025,Q3,North America,Enterprise Cloud Software,6988.42,1092.57,369.7
100016,30-01-2025,Q3,Europe,SaaS Subscriptions,5906.46,639.66,126.4
100017,31-01-2025,Q3,Europe,Enterprise Cloud Software,8708.18,1350.34,449.86
100018,01-02-2025,Q3,Europe,Enterprise Cloud Software,10612.43,1554.59,580.68
100019,02-02-2025,Q3,APAC,Edge Hardware Platforms,14719.7,5600.63,1604.01
100020,03-02-2025,Q3,Europe,Enterprise Cloud Software,9393.37,1324.95,506.84
100021,04-02-2025,Q4,Europe,Edge Hardware Platforms,23910.32,8874.23,2929.16
100022,05-02-2025,Q4,Europe,Enterprise Cloud Software,14428.54,2207.08,749.53
100023,05-02-2025,Q4,APAC,Edge Hardware Platforms,15912.67,5862.86,1892.92
100024,06-02-2025,Q4,APAC,Edge Hardware Platforms,26148.8,11288.1,3023.64
100025,06-02-2025,Q4,North America,Enterprise Cloud Software,9271.08,1479.11,497
100026,07-02-2025,Q4,North America,Edge Hardware Platforms,18348.22,6931.38,2034.39
100027,08-02-2025,Q4,North America,SaaS Subscriptions,3939.22,395.4,81.98
100028,09-02-2025,Q4,North America,SaaS Subscriptions,7774.68,738.87,155.41
100029,10-02-2025,Q4,North America,Enterprise Cloud Software,5368.87,822.98,268.59
100030,11-02-2025,Q4,North America,Enterprise Cloud Software,14082.66,2002.37,654.12
100031,12-02-2025,Q4,Europe,SaaS Subscriptions,3452.33,357.12,72.66
100032,13-02-2025,Q4,North America,SaaS Subscriptions,4821.8,528.8,94.48
100033,14-02-2025,Q4,APAC,Edge Hardware Platforms,13014.35,5214.28,1622.88
100034,15-02-2025,Q1,APAC,Edge Hardware Platforms,14404.82,6005.25,1835.58
100035,16-02-2025,Q1,North America,Enterprise Cloud Software,14405.23,2116.52,722.82
100036,17-02-2025,Q1,APAC,Edge Hardware Platforms,24704.32,9306.75,2989.09
100037,18-02-2025,Q2,Europe,Enterprise Cloud Software,6749.55,1110.07,338.6
100038,19-02-2025,Q2,North America,SaaS Subscriptions,7792.52,788.34,167.78
100039,20-02-2025,Q2,North America,Enterprise Cloud Software,12003.58,1925.37,642.95
100040,21-02-2025,Q3,Europe,SaaS Subscriptions,7105.57,772.47,150.22
100041,22-02-2025,Q3,Europe,Edge Hardware Platforms,17445.66,7592.54,2291.8
100042,23-02-2025,Q3,North America,Edge Hardware Platforms,19712.28,7803.58,2599.4
100043,24-02-2025,Q4,North America,Enterprise Cloud Software,9938.94,1395.08,483.68
100044,25-02-2025,Q4,Europe,Edge Hardware Platforms,16161.22,6519.49,1942.77
100045,26-02-2025,Q4,Europe,Enterprise Cloud Software,10898.71,1791.39,543.49
100046,27-02-2025,Q1,APAC,Edge Hardware Platforms,17001.57,6997.99,2109.12
100047,28-02-2025,Q1,North America,Edge Hardware Platforms,15615.45,5651.94,1928.37
100048,01-03-2025,Q1,North America,SaaS Subscriptionss,7723.57,836.44,150.46
100049,02-03-2025,Q1,North America,SaaS Subscriptionss,4569.1,499.55,99.86
100050,03-03-2025,Q1,APAC,Enterprise Cloud Software,8850.98,1420.88,426.34
100051,04-03-2025,Q2,North America,Edge Hardware Platforms,28723.1,11939.69,3495.07
100052,05-03-2025,Q4,North America,Edge Hardware Platforms,17172.94,6531.44,1976.38
100053,06-03-2025,Q4,North America,SaaS Subscriptions,2819.73,293.75,56.99
100054,07-03-2025,Q4,North America,Edge Hardware Platforms,15124.14,6184.58,1663.02
100055,08-03-2025,Q4,North America,Edge Hardware Platforms,13885.48,5077.58,1631.86
100056,09-03-2025,Q3,North America,SaaS Subscriptions,2165.7,219.99,42.78
100057,10-03-2025,Q3,Europe,Edge Hardware Platforms,13100.83,5745.33,1678.67
100058,11-03-2025,Q3,APAC,Enterprise Cloud Software,5388.35,776.45,271.42
100059,12-03-2025,Q3,North America,SaaS Subscriptions,3629.26,396.7,71.96
100060,13-03-2025,Q2,APAC,Enterprise Cloud Software,9113.54,1421.58,422.72
100061,14-03-2025,Q1,North America,SaaS Subscriptions,6287.57,571.05,123.21
100062,15-03-2025,Q1,Europe,Edge Hardware Platforms,15017.21,5627.65,1651.01
100063,16-03-2025,Q1,Europe,Edge Hardware Platforms,11163.87,4836.38,1324.22
100064,17-03-2025,Q1,Europe,Edge Hardware Platforms,15598.68,6807.1,1960.9
100065,18-03-2025,Q1,Europe,Edge Hardware Platforms,18392,6985.62,2143.47
100066,19-03-2025,Q1,APAC,Enterprise Cloud Software,6160.73,840.2,279.74
100067,20-03-2025,Q1,APAC,Edge Hardware Platforms,19483.48,7166.54,2334.1
100068,21-03-2025,Q1,Europe,Enterprise Cloud Software,9338.52,1372.34,477.74
100069,22-03-2025,Q1,Europe,Enterprise Cloud Software,8746.13,1344.94,437.58
100070,23-03-2025,Q1,APAC,Edge Hardware Platforms,13258.69,4847.98,1636.36
100071,24-03-2025,Q1,North America,Edge Hardware Platforms,28804.6,11695.76,3379.24
100072,25-03-2025,Q1,Europe,Edge Hardware Platforms,20912.34,9103.5,2452.32
100073,26-03-2025,Q1,APAC,SaaS Subscriptions,3174.75,290.13,58.43
100074,27-03-2025,Q2,North America,Edge Hardware Platforms,16731.08,6900.86,1961.71
100075,28-03-2025,Q2,Europe,Edge Hardware Platforms,15213.89,6080.73,1896.1
100076,29-03-2025,Q2,North America,SaaS Subscriptions,2235.12,219.84,48.88
100077,30-03-2025,Q2,Europe,Edge Hardware Platforms,21370.41,8677.97,2683.26
100078,31-03-2025,Q2,North America,Enterprise Cloud Software,10805.44,1739.82,546.96
100079,01-04-2025,Q2,North America,Edge Hardware Platforms,24798.18,9399.97,2903.01
100080,02-04-2025,Q2,Europe,SaaS Subscriptions,3920.3,423.04,76.67
100081,03-04-2025,Q2,North America,SaaS Subscriptions,2547.72,245.57,55.54
100082,04-04-2025,Q2,APAC,Edge Hardware Platforms,22636.74,8961.33,2604.06
100083,05-04-2025,Q2,North America,Edge Hardware Platforms,25047.49,10603.26,3179.8
100084,06-04-2025,Q2,North America,Edge Hardware Platforms,11151.18,4504.66,1322.49
100085,07-04-2025,Q2,Europe,Edge Hardware Platforms,29373.04,12191.06,3762.31
100086,08-04-2025,Q2,APAC,SaaS Subscriptions,4556.55,430.37,89.25
100087,09-04-2025,Q3,APAC,Enterprise Cloud Software,10133.26,1438.89,514.9
100088,10-04-2025,Q3,APAC,SaaS Subscriptions,3420.11,369.9,69.66
100089,11-04-2025,Q3,North America,Edge Hardware Platforms,19633.34,7661.7,2452.64
100090,12-04-2025,Q3,North America,Edge Hardware Platforms,18689.04,7107.34,2200.16
100091,13-04-2025,Q3,Europe,Edge Hardware Platforms,25343.9,10792.02,3189.81
100092,14-04-2025,Q3,Europe,Enterprise Cloud Software,9002.23,1344.32,412.56
100093,15-04-2025,Q3,Europe,Edge Hardware Platforms,26042.18,11412.52,3160.07
100094,16-04-2025,Q3,North America,Enterprise Cloud Software,14246.43,2316.09,677.13
100095,17-04-2025,Q3,Europe,Enterprise Cloud Software,6662.15,942.72,319.42
100096,18-04-2025,Q3,Europe,Edge Hardware Platforms,28023.16,10190.22,3215.46
100097,19-04-2025,Q3,APAC,SaaS Subscriptions,4733.94,484.77,90.46
100098,20-04-2025,Q3,North America,Edge Hardware Platforms,17067.04,6941.04,1875.08
100099,21-04-2025,Q3,APAC,SaaS Subscriptions,6188.97,623.36,119.06
100100,22-04-2025,Q4,APAC,Edge Hardware Platforms,13252.34,5736.6,1692.87
100101,23-04-2025,Q1,Europe,Edge Hardware Platforms,28383.53,10405.97,3662.61
100102,24-04-2025,Q2,Europe,Enterprise Cloud Software,9112.55,1442.77,453.84
100103,25-04-2025,Q1,APAC,Edge Hardware Platforms,24991.57,9782.68,3196.42
100104,26-04-2025,Q1,Europe,Enterprise Cloud Software,5368.22,746.27,242.3
100105,27-04-2025,Q3,North America,Edge Hardware Platforms,20686.93,8688.36,2687.56
100106,28-04-2025,Q1,Europe,Edge Hardware Platforms,25141.62,9810.97,2860.77
100107,29-04-2025,Q2,North America,SaaS Subscriptions,5637.05,533.11,116.61
100108,30-04-2025,Q1,Europe,Edge Hardware Platforms,12271.15,5076.89,1478.52
100109,01-05-2025,Q1,APAC,Edge Hardware Platforms,27043.63,10929.75,3284.79
100110,02-05-2025,Q1,APAC,Edge Hardware Platforms,12680.3,4594.11,1599.28
100111,03-05-2025,Q3,Europe,Edge Hardware Platforms,14259.28,5288.91,1544.98
100112,04-05-2025,Q1,North America,Edge Hardware Platforms,17844.88,7048.69,2314.48
100113,05-05-2025,Q1,North America,Edge Hardware Platforms,25673.06,10056.74,3155.99
100114,06-05-2025,Q1,APAC,SaaS Subscriptions,2882.44,312.84,57.56
100115,07-05-2025,Q1,North America,Edge Hardware Platforms,29600.65,11822.78,3430.42
100116,08-05-2025,Q4,Europe,Enterprise Cloud Software,5758.63,799.68,266.51
100117,09-05-2025,Q4,North America,Enterprise Cloud Software,11408.75,1602.43,552.83
100118,10-05-2025,Q3,APAC,Edge Hardware Platforms,23351.15,8728.32,2629.69
100119,11-05-2025,Q3,North America,Enterprise Cloud Software,7785.9,1092.44,357.27
100120,12-05-2025,Q1,Europe,Edge Hardware Platforms,27884.35,10325.57,3232.42
100121,13-05-2025,Q1,North America,Enterprise Cloud Software,9811.45,1526.99,491.72
100122,14-05-2025,Q1,North America,Edge Hardware Platforms,10051.9,4316.93,1105.99
100123,15-05-2025,Q2,Europe,SaaS Subscriptions,5219.54,566.22,98.88
100124,16-05-2025,Q1,APAC,Edge Hardware Platforms,24410.32,8909.46,2722.87
100125,17-05-2025,Q1,Europe,SaaS Subscriptions,5070.06,510.26,93.43
100126,18-05-2025,Q2,Europe,Edge Hardware Platforms,14849.41,5665.64,1738.2
100127,19-05-2025,Q2,North America,Edge Hardware Platforms,14228.96,5495.22,1577.63
100128,20-05-2025,Q1,APAC,Edge Hardware Platforms,23582.05,9978.36,2828.96
100129,21-05-2025,Q1,North America,Edge Hardware Platforms,21736.82,9121.53,2572.77
100130,22-05-2025,Q1,North America,Enterprise Cloud Software,8630.82,1332.4,437.65
100131,23-05-2025,Q1,North America,SaaS Subscriptions,5634.65,533.85,103.72
100132,24-05-2025,Q1,North America,Edge Hardware Platforms,27016.35,9915.84,3440.28
100133,25-05-2025,Q4,North America,SaaS Subscriptions,2309.81,208.73,48.02
100134,26-05-2025,Q4,APAC,SaaS Subscriptions,5455.99,591.15,98.32
100135,27-05-2025,Q2,APAC,Edge Hardware Platforms,24457.92,10410.98,3063.18
100136,28-05-2025,Q2,Europe,Edge Hardware Platforms,26771.65,10077.02,3513.29
100137,29-05-2025,Q3,Europe,Enterprise Cloud Software,12362.47,1865.44,643.74
100138,30-05-2025,Q1,APAC,Enterprise Cloud Software,10061.04,1639.55,485.01
100139,31-05-2025,Q1,Europe,Edge Hardware Platforms,19085.36,7708.35,2312.65
100140,01-06-2025,Q1,North America,Edge Hardware Platforms,11757.36,4363.23,1270.56
100141,02-06-2025,Q1,North America,Edge Hardware Platforms,22122.04,9369.64,2445.83
100142,03-06-2025,Q1,APAC,SaaS Subscriptions,2745.78,287.26,59.73
100143,04-06-2025,Q1,North America,Enterprise Cloud Software,12411.21,1889.41,662.99
100144,05-06-2025,Q2,North America,Edge Hardware Platforms,14032.55,5235.44,1570.84
100145,06-06-2025,Q2,APAC,Edge Hardware Platforms,20461.31,7953.44,2640.59
100146,07-06-2025,Q3,North America,SaaS Subscriptions,4634.81,452.07,92
100147,08-06-2025,Q1,North America,Edge Hardware Platforms,20054.41,7592.14,2598.85
100148,09-06-2025,Q1,North America,Edge Hardware Platforms,28129.44,11531.36,3116.9
100149,10-06-2025,Q1,APAC,Edge Hardware Platforms,16698.11,6197.37,2121.61
100150,11-06-2025,Q2,Europe,Edge Hardware Platforms,27877.85,11794.78,3112.29
100151,12-06-2025,Q2,Europe,Edge Hardware Platforms,12862.56,4841,1609.59
100152,13-06-2025,Q3,Europe,Edge Hardware Platforms,12058.32,4858.52,1411.93
100153,14-06-2025,Q1,Europe,Edge Hardware Platforms,20045.77,8082.23,2398.93
100154,15-06-2025,Q1,Europe,Edge Hardware Platforms,10244.06,4178.3,1245.39
100155,16-06-2025,Q1,Europe,Edge Hardware Platforms,26535.98,11588.95,3084.03
100156,17-06-2025,Q3,Europe,Edge Hardware Platforms,28945.67,10775.55,3533.38
100157,18-06-2025,Q2,Europe,Edge Hardware Platforms,10362.2,4453.36,1350.93
100158,19-06-2025,Q1,Europe,Edge Hardware Platforms,28449.99,11851.67,3176.75
100159,20-06-2025,Q2,Europe,Edge Hardware Platforms,18482.61,7742.65,2410.59
100160,21-06-2025,Q4,APAC,Edge Hardware Platforms,12264.76,5381.62,1571.53
100161,22-06-2025,Q2,North America,SaaS Subscriptions,7219.38,724.66,147.02
100162,23-06-2025,Q3,North America,Enterprise Cloud Software,8351.97,1328.68,376.23
100163,24-06-2025,Q1,North America,Edge Hardware Platforms,20747.91,8996.05,2413.24
100164,25-06-2025,Q1,North America,Edge Hardware Platforms,19044.36,7198.17,2263.58
100165,26-06-2025,Q1,North America,Enterprise Cloud Software,9983.68,1473.27,540.6
100166,27-06-2025,Q4,APAC,Enterprise Cloud Software,7200.97,1018.08,361.14
100167,28-06-2025,Q1,APAC,Edge Hardware Platforms,21146.11,9068.52,2555.33
100168,29-06-2025,Q3,North America,Enterprise Cloud Software,8099.37,1189.96,399.04
100169,30-06-2025,Q1,APAC,Edge Hardware Platforms,19364.64,7939.47,2266.93
100170,01-07-2025,Q1,APAC,Edge Hardware Platforms,15880.89,6624.31,1916.24
100171,02-07-2025,Q2,Europe,Edge Hardware Platforms,21192.81,7892.61,2381.36
100172,03-07-2025,Q1,APAC,SaaS Subscriptions,4239.86,404.55,87.24
100173,04-07-2025,Q4,Europe,Enterprise Cloud Software,6561.53,1026.74,338.5
100174,05-07-2025,Q3,North America,Enterprise Cloud Software,7310.75,1134.31,330.42
100175,06-07-2025,Q1,North America,Edge Hardware Platforms,13570.89,5594.19,1543.23
100176,07-07-2025,Q1,North America,Enterprise Cloud Software,12222.67,1963.83,651.5
100177,08-07-2025,Q2,North America,Edge Hardware Platforms,14099.69,5406.55,1826.08
100178,09-07-2025,Q2,North America,Enterprise Cloud Software,7078.86,961.28,331.39
100179,10-07-2025,Q3,Europe,Edge Hardware Platforms,27853.43,11848.72,3236.67
100180,11-07-2025,Q3,North America,Edge Hardware Platforms,21805.9,8317.75,2681.68
100181,12-07-2025,Q4,APAC,Edge Hardware Platforms,27221.36,10277.72,3576.59
100182,13-07-2025,Q1,APAC,Enterprise Cloud Software,10657.77,1753.85,529.8
100183,14-07-2025,Q2,North America,Edge Hardware Platforms,20249.15,8491.18,2526.53
100184,15-07-2025,Q4,Europe,Enterprise Cloud Software,11450.54,1690.69,530.42
100185,16-07-2025,Q1,APAC,Edge Hardware Platforms,23663.68,10076.15,2856.49
100186,17-07-2025,Q3,APAC,Edge Hardware Platforms,11343.51,4451.42,1360.53
100187,18-07-2025,Q1,Europe,Enterprise Cloud Software,6400.19,914.65,305.06
100188,19-07-2025,Q2,Europe,Enterprise Cloud Software,11330.98,1697.7,574.85
100189,20-07-2025,Q2,APAC,Edge Hardware Platforms,25418.23,10008.76,2961.04
100190,21-07-2025,Q3,APAC,Enterprise Cloud Software,5903.37,933.5,269.68
100191,22-07-2025,Q3,North America,Edge Hardware Platforms,24380.92,9356.66,2964.57
100192,23-07-2025,Q3,Europe,Edge Hardware Platforms,28736.59,12029.3,3251.79
100193,24-07-2025,Q4,North America,Enterprise Cloud Software,10950.78,1495.25,547.14
100194,25-07-2025,Q4,Europe,Edge Hardware Platforms,25418.24,9367.33,2791.01
100195,26-07-2025,Q1,Europe,Edge Hardware Platforms,23768.05,9383.3,2707.51
100196,27-07-2025,Q1,APAC,Edge Hardware Platforms,23893.93,9122.02,2919.01
100197,28-07-2025,Q1,North America,Enterprise Cloud Software,14173.14,1971.55,772.47
100198,29-07-2025,Q2,Europe,Enterprise Cloud Software,10419.01,1679.42,545.15
100199,30-07-2025,Q3,APAC,Edge Hardware Platforms,23845.53,10204.35,2718.2
100200,31-07-2025,Q4,Europe,Enterprise Cloud Software,14876.68,2429.69,675.32
100101,23-04-2025,Q1,Europe,Edge Hardware Platforms,28383.53,10405.97,3662.61
100102,24-04-2025,Q2,Europe,Enterprise Cloud Software,9112.55,1442.77,453.84
100103,25-04-2025,Q1,APAC,Edge Hardware Platforms,24991.57,9782.68,3196.42
100104,26-04-2025,Q1,Europe,Enterprise Cloud Software,5368.22,746.27,242.3
100105,27-04-2025,Q3,North America,Edge Hardware Platforms,20686.93,8688.36,2687.56
100106,28-04-2025,Q1,Europe,Edge Hardware Platforms,25141.62,9810.97,2860.77
100107,29-04-2025,Q2,North America,SaaS Subscriptions,5637.05,533.11,116.61
100108,30-04-2025,Q1,Europe,Edge Hardware Platforms,12271.15,5076.89,1478.52
100109,01-05-2025,Q1,APAC,Edge Hardware Platforms,27043.63,10929.75,3284.79
100110,02-05-2025,Q1,APAC,Edge Hardware Platforms,12680.3,4594.11,1599.28
100111,03-05-2025,Q3,Europe,Edge Hardware Platforms,14259.28,5288.91,1544.98
100112,04-05-2025,Q1,North America,Edge Hardware Platforms,17844.88,7048.69,2314.48
100113,05-05-2025,Q1,North America,Edge Hardware Platforms,25673.06,10056.74,3155.99
100114,06-05-2025,Q1,APAC,SaaS Subscriptions,2882.44,312.84,57.56
100115,07-05-2025,Q1,North America,Edge Hardware Platforms,29600.65,11822.78,3430.42
100116,08-05-2025,Q4,Europe,Enterprise Cloud Software,5758.63,799.68,266.51
100117,09-05-2025,Q4,North America,Enterprise Cloud Software,11408.75,1602.43,552.83
100118,10-05-2025,Q3,APAC,Edge Hardware Platforms,23351.15,8728.32,2629.69
100119,11-05-2025,Q3,North America,Enterprise Cloud Software,7785.9,1092.44,357.27
100120,12-05-2025,Q1,Europe,Edge Hardware Platforms,27884.35,10325.57,3232.42
100121,13-05-2025,Q1,North America,Enterprise Cloud Software,9811.45,1526.99,491.72
100122,14-05-2025,Q1,North America,Edge Hardware Platforms,10051.9,4316.93,1105.99
100123,15-05-2025,Q2,Europe,SaaS Subscriptions,5219.54,566.22,98.88
100124,16-05-2025,Q1,APAC,Edge Hardware Platforms,24410.32,8909.46,2722.87
100125,17-05-2025,Q1,Europe,SaaS Subscriptions,5070.06,510.26,93.43
100126,18-05-2025,Q2,Europe,Edge Hardware Platforms,14849.41,5665.64,1738.2
100127,19-05-2025,Q2,North America,Edge Hardware Platforms,14228.96,5495.22,1577.63
100128,20-05-2025,Q1,APAC,Edge Hardware Platforms,23582.05,9978.36,2828.96
100129,21-05-2025,Q1,North America,Edge Hardware Platforms,21736.82,9121.53,2572.77
100130,22-05-2025,Q1,North America,Enterprise Cloud Software,8630.82,1332.4,437.65
100131,23-05-2025,Q1,North America,SaaS Subscriptions,5634.65,533.85,103.72
100132,24-05-2025,Q1,North America,Edge Hardware Platforms,27016.35,9915.84,3440.28
100133,25-05-2025,Q4,North America,SaaS Subscriptions,2309.81,208.73,48.02
100134,26-05-2025,Q4,APAC,SaaS Subscriptions,5455.99,591.15,98.32
100135,27-05-2025,Q2,APAC,Edge Hardware Platforms,24457.92,10410.98,3063.18
100136,28-05-2025,Q2,Europe,Edge Hardware Platforms,26771.65,10077.02,3513.29
100137,29-05-2025,Q3,Europe,Enterprise Cloud Software,12362.47,1865.44,643.74
100138,30-05-2025,Q1,APAC,Enterprise Cloud Software,10061.04,1639.55,485.01
100139,31-05-2025,Q1,Europe,Edge Hardware Platforms,19085.36,7708.35,2312.65
100140,01-06-2025,Q1,North America,Edge Hardware Platforms,11757.36,4363.23,1270.56
100141,02-06-2025,Q1,North America,Edge Hardware Platforms,22122.04,9369.64,2445.83
100142,03-06-2025,Q1,APAC,SaaS Subscriptions,2745.78,287.26,59.73
100143,04-06-2025,Q1,North America,Enterprise Cloud Software,12411.21,1889.41,662.99
100144,05-06-2025,Q2,North America,Edge Hardware Platforms,14032.55,5235.44,1570.84
100145,06-06-2025,Q2,APAC,Edge Hardware Platforms,20461.31,7953.44,2640.59
100146,07-06-2025,Q3,North America,SaaS Subscriptions,4634.81,452.07,92
100147,08-06-2025,Q1,North America,Edge Hardware Platforms,20054.41,7592.14,2598.85
100148,09-06-2025,Q1,North America,Edge Hardware Platforms,28129.44,11531.36,3116.9
100149,10-06-2025,Q1,APAC,Edge Hardware Platforms,16698.11,6197.37,2121.61
100150,11-06-2025,Q2,Europe,Edge Hardware Platforms,27877.85,11794.78,3112.29
100151,12-06-2025,Q2,Europe,Edge Hardware Platforms,12862.56,4841,1609.59
100152,13-06-2025,Q3,Europe,Edge Hardware Platforms,12058.32,4858.52,1411.93
100153,14-06-2025,Q1,Europe,Edge Hardware Platforms,20045.77,8082.23,2398.93
100154,15-06-2025,Q1,Europe,Edge Hardware Platforms,10244.06,4178.3,1245.39
100155,16-06-2025,Q1,Europe,Edge Hardware Platforms,26535.98,11588.95,3084.03
100156,17-06-2025,Q3,Europe,Edge Hardware Platforms,28945.67,10775.55,3533.38
100157,18-06-2025,Q2,Europe,Edge Hardware Platforms,10362.2,4453.36,1350.93
100158,19-06-2025,Q1,Europe,Edge Hardware Platforms,28449.99,11851.67,3176.75
100159,20-06-2025,Q2,Europe,Edge Hardware Platforms,18482.61,7742.65,2410.59
100160,21-06-2025,Q4,APAC,Edge Hardware Platforms,12264.76,5381.62,1571.53
100161,22-06-2025,Q2,North America,SaaS Subscriptions,7219.38,724.66,147.02
100162,23-06-2025,Q3,North America,Enterprise Cloud Software,8351.97,1328.68,376.23
100163,24-06-2025,Q1,North America,Edge Hardware Platforms,20747.91,8996.05,2413.24
100164,25-06-2025,Q1,North America,Edge Hardware Platforms,19044.36,7198.17,2263.58
100165,26-06-2025,Q1,North America,Enterprise Cloud Software,9983.68,1473.27,540.6
100166,27-06-2025,Q4,APAC,Enterprise Cloud Software,7200.97,1018.08,361.14
100167,28-06-2025,Q1,APAC,Edge Hardware Platforms,21146.11,9068.52,2555.33
100168,29-06-2025,Q3,North America,Enterprise Cloud Software,8099.37,1189.96,399.04
100169,30-06-2025,Q1,APAC,Edge Hardware Platforms,19364.64,7939.47,2266.93
100170,01-07-2025,Q1,APAC,Edge Hardware Platforms,15880.89,6624.31,1916.24
100171,02-07-2025,Q2,Europe,Edge Hardware Platforms,21192.81,7892.61,2381.36
100172,03-07-2025,Q1,APAC,SaaS Subscriptions,4239.86,404.55,87.24
100173,04-07-2025,Q4,Europe,Enterprise Cloud Software,6561.53,1026.74,338.5
100174,05-07-2025,Q3,North America,Enterprise Cloud Software,7310.75,1134.31,330.42
100175,06-07-2025,Q1,North America,Edge Hardware Platforms,13570.89,5594.19,1543.23
100176,07-07-2025,Q1,North America,Enterprise Cloud Software,12222.67,1963.83,651.5
100177,08-07-2025,Q2,North America,Edge Hardware Platforms,14099.69,5406.55,1826.08
100178,09-07-2025,Q2,North America,Enterprise Cloud Software,7078.86,961.28,331.39
100179,10-07-2025,Q3,Europe,Edge Hardware Platforms,27853.43,11848.72,3236.67
100180,11-07-2025,Q3,North America,Edge Hardware Platforms,21805.9,8317.75,2681.68
100181,12-07-2025,Q4,APAC,Edge Hardware Platforms,27221.36,10277.72,3576.59
100182,13-07-2025,Q1,APAC,Enterprise Cloud Software,10657.77,1753.85,529.8
100183,14-07-2025,Q2,North America,Edge Hardware Platforms,20249.15,8491.18,2526.53
100184,15-07-2025,Q4,Europe,Enterprise Cloud Software,11450.54,1690.69,530.42
100185,16-07-2025,Q1,APAC,Edge Hardware Platforms,23663.68,10076.15,2856.49
100186,17-07-2025,Q3,APAC,Edge Hardware Platforms,11343.51,4451.42,1360.53
100187,18-07-2025,Q1,Europe,Enterprise Cloud Software,6400.19,914.65,305.06
100188,19-07-2025,Q2,Europe,Enterprise Cloud Software,11330.98,1697.7,574.85
100189,20-07-2025,Q2,APAC,Edge Hardware Platforms,25418.23,10008.76,2961.04
100190,21-07-2025,Q3,APAC,Enterprise Cloud Software,5903.37,933.5,269.68
100191,22-07-2025,Q3,North America,Edge Hardware Platforms,24380.92,9356.66,2964.57
100192,23-07-2025,Q3,Europe,Edge Hardware Platforms,28736.59,12029.3,3251.79
100193,24-07-2025,Q4,North America,Enterprise Cloud Software,10950.78,1495.25,547.14
100194,25-07-2025,Q4,Europe,Edge Hardware Platforms,25418.24,9367.33,2791.01
100195,26-07-2025,Q1,Europe,Edge Hardware Platforms,23768.05,9383.3,2707.51
100196,27-07-2025,Q1,APAC,Edge Hardware Platforms,23893.93,9122.02,2919.01
100197,28-07-2025,Q1,North America,Enterprise Cloud Software,14173.14,1971.55,772.47
100198,29-07-2025,Q2,Europe,Enterprise Cloud Software,10419.01,1679.42,545.15
100199,30-07-2025,Q3,APAC,Edge Hardware Platforms,23845.53,10204.35,2718.2
100200,31-07-2025,Q4,Europe,Enterprise Cloud Software,14876.68,2429.69,675.32
100201,01-08-2025,Q4,Europe,SaaS Subscriptions,3083.45,312.54,66.79
100202,02-08-2025,Q4,North America,Edge Hardware Platforms,15946.98,6920.22,2093.92
100203,03-08-2025,Q4,APAC,Edge Hardware Platforms,27240.85,11647.21,3150.63
100204,04-08-2025,Q3,APAC,Enterprise Cloud Software,10962.7,1555.61,506.54
100205,05-08-2025,Q2,North America,Edge Hardware Platforms,16797.5,7021.04,1840.48
100206,06-08-2025,Q1,Europe,Edge Hardware Platforms,16375.05,6714.94,2116.7
100207,07-08-2025,Q3,Europe,Enterprise Cloud Software,5244.01,844.83,237.1
100208,08-08-2025,Q1,APAC,Edge Hardware Platforms,28781.35,12200.49,3797.71
100209,09-08-2025,Q4,North America,Edge Hardware Platforms,18038.62,7186.41,2219.83
100210,10-08-2025,Q4,APAC,SaaS Subscriptions,6609.64,650.09,130.11
100211,11-08-2025,Q1,Europe,Enterprise Cloud Software,6104.74,889.09,292.25
100212,12-08-2025,Q2,North America,Enterprise Cloud Software,5420.93,734.73,297.49
100213,13-08-2025,Q3,Europe,Edge Hardware Platforms,23592.95,8905.4,3085.94
100214,14-08-2025,Q2,APAC,Enterprise Cloud Software,9175.81,1480.73,499.6
100215,15-08-2025,Q4,Europe,Edge Hardware Platforms,13340.68,5860.47,1514.97
100216,16-08-2025,Q4,APAC,Edge Hardware Platforms,22154.74,8884.38,2515.36
100217,17-08-2025,Q2,North America,Enterprise Cloud Software,6864.38,1087.23,332.93
100218,18-08-2025,Q1,Europe,Enterprise Cloud Software,10182.6,1557.11,511.68
100219,19-08-2025,Q3,North America,Edge Hardware Platforms,19823.73,8716.63,2567.94
100220,20-08-2025,Q4,Europe,Edge Hardware Platforms,24957.43,9054.29,3231.44
100221,21-08-2025,Q2,APAC,Edge Hardware Platforms,17823.4,6805.63,2128.83
100222,22-08-2025,Q2,North America,SaaS Subscriptions,2212.53,213.69,48.07
100223,23-08-2025,Q1,Europe,Enterprise Cloud Software,7526.49,1017.22,391.05
100224,24-08-2025,Q3,North America,Edge Hardware Platforms,29242.44,10783.37,3785.95
100225,25-08-2025,Q3,APAC,Enterprise Cloud Software,13829.06,2081.03,747.67
100226,26-08-2025,Q4,Europe,Edge Hardware Platforms,20875.58,8958.95,2622.26
100227,27-08-2025,Q1,APAC,Edge Hardware Platforms,27011.63,11598.35,3376.47
100228,28-08-2025,Q1,APAC,Edge Hardware Platforms,23602.82,9665.09,2975.49
100229,29-08-2025,Q3,North America,SaaS Subscriptions,7231.06,655.03,154.05
100230,30-08-2025,Q2,North America,Edge Hardware Platforms,24870.17,9273.11,3174.21
100231,31-08-2025,Q2,APAC,Edge Hardware Platforms,10127.72,3878.54,1243.75
100232,01-09-2025,Q4,APAC,Edge Hardware Platforms,15196.07,6241.34,1838.11
100233,02-09-2025,Q4,APAC,Enterprise Cloud Software,12610.28,1907.15,688.9
100234,03-09-2025,Q4,North America,Edge Hardware Platforms,28640.56,10545.48,3737.41
100235,04-09-2025,Q3,Europe,Enterprise Cloud Software,8009.64,1251.47,365.83
100236,05-09-2025,Q2,Europe,Edge Hardware Platforms,22418.31,8152.63,2890.1
100237,06-09-2025,Q1,APAC,SaaS Subscriptions,6497.91,601.72,136.67
100238,07-09-2025,Q2,North America,Enterprise Cloud Software,8236.1,1232.61,434.08
100239,08-09-2025,Q4,North America,Enterprise Cloud Software,9685.39,1581.91,445.74
100240,09-09-2025,Q1,APAC,Edge Hardware Platforms,26518.42,10179.62,3398.57
100241,10-09-2025,Q1,APAC,Enterprise Cloud Software,6313.35,1016.71,344.91
100242,11-09-2025,Q4,North America,Edge Hardware Platforms,28190.49,12082.13,3697.14
100243,12-09-2025,Q3,APAC,Edge Hardware Platforms,16239.04,6262.74,2036.15
100244,13-09-2025,Q2,Europe,Enterprise Cloud Software,13681.23,2140.4,692.65
100245,14-09-2025,Q1,Europe,Edge Hardware Platforms,13184.91,4961.43,1452.82
100246,15-09-2025,Q1,North America,Edge Hardware Platforms,20607.09,7448,2619.64
100247,16-09-2025,Q2,North America,SaaS Subscriptions,7805.07,731.41,154.92
100248,17-09-2025,Q3,North America,Edge Hardware Platforms,22146.13,8411.17,2688.58
100249,18-09-2025,Q3,North America,Enterprise Cloud Software,11515.19,1667.14,586.15
100250,19-09-2025,Q4,Europe,SaaS Subscriptions,2897.48,287.7,60.04
100251,20-09-2025,Q4,North America,SaaS Subscriptions,6331.33,653.01,133.14
100252,21-09-2025,Q2,APAC,SaaS Subscriptions,6345.71,666.19,117.93
100253,22-09-2025,Q2,Europe,Enterprise Cloud Software,9823.56,1388.17,476.05
100254,23-09-2025,Q3,APAC,SaaS Subscriptions,2434.5,245.12,52.42
100255,24-09-2025,Q4,North America,SaaS Subscriptions,4146.81,399.93,90.86
100256,25-09-2025,Q2,North America,Edge Hardware Platforms,26428.81,9601.45,3279.53
100257,26-09-2025,Q1,APAC,Enterprise Cloud Software,13962.21,2134.03,714.39
100258,27-09-2025,Q3,Europe,Enterprise Cloud Software,14352.02,2345.41,735.58
100259,28-09-2025,Q4,APAC,Edge Hardware Platforms,19687.97,8128.49,2387.6
100260,29-09-2025,Q2,Europe,Edge Hardware Platforms,19618.08,7126.47,2195.97
100261,30-09-2025,Q1,Europe,Edge Hardware Platforms,21865.57,9009.13,2612.99
100262,01-10-2025,Q4,Europe,Edge Hardware Platforms,19403.65,8140.65,2501.6
100263,01-10-2025,Q4,Europe,Enterprise Cloud Software,6616.73,897.4,340.98
100264,02-10-2025,Q2,North America,Edge Hardware Platforms,19865.54,7281.16,2337.74
100265,03-10-2025,Q3,North America,Edge Hardware Platforms,14071.57,6011.88,1578.56
100266,04-10-2025,Q1,Europe,Edge Hardware Platforms,18509.87,7175.81,2163.9
100267,05-10-2025,Q4,APAC,Enterprise Cloud Software,13670.31,2082.81,675.12
100268,06-10-2025,Q4,Europe,Edge Hardware Platforms,27468.46,11867.92,3244.61
100269,07-10-2025,Q1,North America,Edge Hardware Platforms,28247.27,10645.07,3473.04
100270,08-10-2025,Q1,Europe,Edge Hardware Platforms,12631.35,5270.63,1639.76
100271,09-10-2025,Q3,North America,Enterprise Cloud Software,14713.95,2066.27,787.84
100272,10-10-2025,Q3,Europe,Enterprise Cloud Software,13707.5,2033.63,687.41
100273,11-10-2025,Q2,North America,Edge Hardware Platforms,13270.48,5192.56,1741.96
100274,12-10-2025,Q2,North America,Edge Hardware Platforms,16503.8,6962.59,1834.25
100275,13-10-2025,Q4,Europe,Enterprise Cloud Software,5734.97,803.43,287.88
100276,14-10-2025,Q4,North America,SaaS Subscriptions,4585.33,435.49,93.86
100277,15-10-2025,Q1,Europe,Enterprise Cloud Software,6676.19,908.63,349.59
100278,16-10-2025,Q1,Europe,Edge Hardware Platforms,26883.41,11410.76,3281.08
100279,17-10-2025,Q1,APAC,Enterprise Cloud Software,6119.2,875.61,278.86
100280,18-10-2025,Q2,Europe,SaaS Subscriptions,2236.06,206.71,44.29
100281,19-10-2025,Q2,APAC,Edge Hardware Platforms,20144.7,7319.09,2247.35
100282,20-10-2025,Q3,APAC,SaaS Subscriptions,2029.64,221.3,41.72
100283,21-10-2025,Q4,APAC,Edge Hardware Platforms,20311.92,8106.64,2518.77
100284,22-10-2025,Q4,North America,Enterprise Cloud Software,8079.3,1261.51,379.88
100285,23-10-2025,Q3,Europe,SaaS Subscriptions,2563.4,265.19,50.69
100286,24-10-2025,Q3,APAC,Enterprise Cloud Software,11616.32,1909.25,566.21
100287,25-10-2025,Q2,North America,Enterprise Cloud Software,13308.77,2141.89,701.18
100288,26-10-2025,Q1,North America,Edge Hardware Platforms,28373.56,11577.8,3705.05
100289,27-10-2025,Q3,APAC,Edge Hardware Platforms,21543.7,8356.5,2409.08
100290,28-10-2025,Q4,Europe,Edge Hardware Platforms,27328.77,12010.09,3445.02
100291,29-10-2025,Q1,North America,Enterprise Cloud Software,6091.1,941.17,320.71
100292,30-10-2025,Q3,APAC,Edge Hardware Platforms,28027.51,12058.31,3240.34
100293,31-10-2025,Q4,APAC,Edge Hardware Platforms,15937.39,6565.02,1846.84
100294,01-11-2025,Q2,Europe,Edge Hardware Platforms,21268.78,8304.05,2577.01
100295,02-11-2025,Q2,North America,Edge Hardware Platforms,14545.39,5321.51,1781.56
100296,03-11-2025,Q1,Europe,Edge Hardware Platforms,19269.88,7522.63,2480.42
100297,04-11-2025,Q4,Europe,Edge Hardware Platforms,10512.84,4071.62,1231.31
100298,05-11-2025,Q2,North America,Edge Hardware Platforms,20672.05,8447.27,2612.06
100299,06-11-2025,Q3,APAC,Edge Hardware Platforms,29110.47,10522.23,3280.71
100300,07-11-2025,Q1,APAC,Enterprise Cloud Software,14546.6,2249.5,709.88
100301,08-11-2025,Q1,North America,Edge Hardware Platforms,13891.17,5185.66,1706.06
100302,09-11-2025,Q2,Europe,Edge Hardware Platforms,28592.12,11510.64,3486.59
100303,10-11-2025,Q4,North America,Edge Hardware Platforms,17998.1,7885.65,2299.37
100304,11-11-2025,Q4,Europe,Enterprise Cloud Software,13594.16,2161.38,636.83
100305,12-11-2025,Q3,North America,Edge Hardware Platforms,13704.57,5939.84,1619.72
100306,13-11-2025,Q2,North America,SaaS Subscriptions,4241.06,426.35,78.24
100307,14-11-2025,Q1,North America,Edge Hardware Platforms,20303.5,8273.33,2579.56
100308,15-11-2025,Q3,Europe,Enterprise Cloud Software,8607.73,1395.97,453.62
100309,16-11-2025,Q3,Europe,Enterprise Cloud Software,8020.61,1258.9,429.2
100310,17-11-2025,Q2,Europe,SaaS Subscriptions,6599.94,613.76,129.99
100311,18-11-2025,Q1,North America,Edge Hardware Platforms,27255.94,10284.73,3006.25
100312,19-11-2025,Q4,North America,Edge Hardware Platforms,22141.88,8939.47,2514.58
100313,20-11-2025,Q4,North America,Edge Hardware Platforms,19935.34,8752.07,2218.3
100314,21-11-2025,Q1,Europe,Edge Hardware Platforms,18563.99,7748.75,2313.42
100315,22-11-2025,Q3,APAC,Enterprise Cloud Software,6041.1,946.82,306.79
100316,23-11-2025,Q2,North America,Enterprise Cloud Software,5856.58,947.75,274.78
100317,24-11-2025,Q2,North America,Enterprise Cloud Software,8549.96,1172.05,429.13
100318,25-11-2025,Q4,North America,SaaS Subscriptions,3402.27,342.95,73.22
100319,26-11-2025,Q1,Europe,Edge Hardware Platforms,16486.68,6374.41,2045.46
100320,27-11-2025,Q1,North America,Edge Hardware Platforms,29909.61,11835.48,3469.68
100321,28-11-2025,Q2,Europe,Enterprise Cloud Software,14616.66,2251.68,768.08
100322,29-11-2025,Q2,North America,Edge Hardware Platforms,18453.78,7856.6,1993.56
100323,30-11-2025,Q3,North America,SaaS Subscriptions,4849.32,473.54,89.61
100324,01-12-2025,Q3,APAC,Enterprise Cloud Software,12371.8,1955.46,586.88
100325,02-12-2025,Q3,Europe,Enterprise Cloud Software,7570.47,1200.96,406.13
100326,03-12-2025,Q3,Europe,Edge Hardware Platforms,13186.08,4813.56,1461.33
100327,04-12-2025,Q2,North America,Edge Hardware Platforms,17618.19,6830.67,2003.85
100328,05-12-2025,Q1,Europe,SaaS Subscriptions,3678.22,400.37,79.06
100329,06-12-2025,Q4,North America,Edge Hardware Platforms,21491.75,8711.17,2522.81
100330,07-12-2025,Q4,Europe,Edge Hardware Platforms,20794.65,8530.71,2582.35
100331,08-12-2025,Q3,APAC,SaaS Subscriptions,6740.18,647.69,123.5
100332,09-12-2025,Q1,Europe,Enterprise Cloud Software,11949.51,1737.26,654.31
100333,10-12-2025,Q4,Europe,SaaS Subscriptions,2795.15,299.75,60.63
100334,11-12-2025,Q2,Europe,Edge Hardware Platforms,25296.2,9460.45,3037.1
100335,12-12-2025,Q1,North America,Enterprise Cloud Software,8675.34,1188.91,392.63
100336,13-12-2025,Q3,North America,SaaS Subscriptions,5297.18,579.07,104.51
100337,14-12-2025,Q3,North America,Edge Hardware Platforms,18790.23,6923.32,2318.34
100338,15-12-2025,Q1,North America,Edge Hardware Platforms,23004.02,8561.22,2518.31
100339,16-12-2025,Q2,APAC,Edge Hardware Platforms,11163.28,4907.26,1221.11
100340,17-12-2025,Q3,Europe,SaaS Subscriptions,3435.08,318.93,63.5
100341,18-12-2025,Q4,North America,Enterprise Cloud Software,11921.61,1631.7,597.2
100342,19-12-2025,Q3,APAC,SaaS Subscriptions,5691.32,547.08,116.65
100343,20-12-2025,Q1,Europe,Edge Hardware Platforms,12614.21,5435.82,1498.5
100344,21-12-2025,Q1,North America,Edge Hardware Platforms,18282.6,7792.1,2296.42
100345,22-12-2025,Q4,APAC,Enterprise Cloud Software,6338.04,935.22,335.3
100346,23-12-2025,Q2,Europe,Edge Hardware Platforms,13793.9,5648.82,1596.84
100347,24-12-2025,Q2,APAC,Edge Hardware Platforms,13977.13,5104.02,1523.83
100348,25-12-2025,Q1,North America,Enterprise Cloud Software,11460.9,1718.91,546.23
100349,26-12-2025,Q3,North America,Enterprise Cloud Software,13646.6,1941.97,703.03
100350,27-12-2025,Q3,APAC,Edge Hardware Platforms,27191.3,10642.44,3560.68
100351,28-12-2025,Q2,North America,Enterprise Cloud Software,11586.92,1891.97,615.14
100352,29-12-2025,Q4,North America,Enterprise Cloud Software,14303.19,2039.52,755.38
100353,30-12-2025,Q3,APAC,Edge Hardware Platforms,17726.98,7020.06,2011.08
100354,31-12-2025,Q2,APAC,Edge Hardware Platforms,27649.19,10187.5,3641.91
100355,01-01-2024,Q2,Europe,Enterprise Cloud Software,5847.92,915.14,267.37
100356,02-01-2024,Q2,North America,Enterprise Cloud Software,14565.01,2288.53,706.88
100357,03-01-2024,Q1,North America,Edge Hardware Platforms,25493.07,10526.33,2866.56
100358,04-01-2024,Q4,North America,Enterprise Cloud Software,11603.03,1832.48,552.89
100359,05-01-2024,Q3,North America,Enterprise Cloud Software,14678.6,2111.71,773.45
100360,06-01-2024,Q2,Europe,Edge Hardware Platforms,14113.75,5218.01,1732.61
100361,07-01-2024,Q3,APAC,Edge Hardware Platforms,20606.04,7487.33,2704.41
100362,08-01-2024,Q1,APAC,Enterprise Cloud Software,14799.7,2265.19,752.18
100363,09-01-2024,Q4,Europe,SaaS Subscriptions,5938.87,549.71,114.94
100364,10-01-2024,Q4,APAC,Enterprise Cloud Software,8721.67,1290.48,430.8
100365,11-01-2024,Q2,Europe,SaaS Subscriptions,3444.16,318.34,64.72
100366,12-01-2024,Q1,Europe,Enterprise Cloud Software,13159.47,2116.58,703.57
100367,13-01-2024,Q3,APAC,Enterprise Cloud Software,12550.42,1867.71,670.44
100368,14-01-2024,Q3,Europe,Edge Hardware Platforms,23123.24,8652.58,2799.78
100349,15-01-2024,Q4,APAC,SaaS Subscriptions,2259.04,210.76,41.85
100370,16-01-2024,Q4,Europe,SaaS Subscriptions,3281.07,328.49,70.09
100371,17-01-2024,Q1,Europe,Edge Hardware Platforms,20167.21,7740.25,2451.54
100372,18-01-2024,Q2,Europe,SaaS Subscriptions,5817.75,612.16,108.44
100373,19-01-2024,Q2,Europe,Enterprise Cloud Software,7466.79,1170.75,410.06
100374,20-01-2024,Q3,North America,Edge Hardware Platforms,26001.42,9784.93,3154.55
100375,21-01-2024,Q1,Europe,Edge Hardware Platforms,13760.49,5345,1744.98
100373,22-01-2024,Q3,Europe,Enterprise Cloud Software,12609.91,1715.7,661.48
100377,22-01-2024,Q2,North America,SaaS Subscriptions,4207.64,406.2,78.24
100378,23-01-2024,Q4,North America,SaaS Subscriptions,7978.01,776.79,157.92
100379,24-01-2024,Q2,Europe,SaaS Subscriptions,5558.27,543.77,109.22
100380,25-01-2024,Q1,Europe,Enterprise Cloud Software,11195.89,1630.85,592.73
100381,26-01-2024,Q3,Europe,SaaS Subscriptions,5060.66,528.68,93.2
100382,27-01-2024,Q1,North America,Edge Hardware Platforms,11056.08,4410.58,1353.1
100383,28-01-2024,Q2,Europe,Enterprise Cloud Software,8221.08,1266.83,382.2
100384,29-01-2024,Q4,Europe,Edge Hardware Platforms,29639.38,11167.74,3788.01
100385,30-01-2024,Q1,Europe,Edge Hardware Platforms,12447.54,5213.53,1414.79
100386,31-01-2024,Q2,North America,Enterprise Cloud Software,13013.67,2056.13,681.09
100387,01-02-2024,Q1,North America,Enterprise Cloud Software,11375.53,1705.02,532.18
100388,02-02-2024,Q1,Europe,SaaS Subscriptions,6483.32,679.45,141.34
100389,03-02-2024,Q2,North America,Edge Hardware Platforms,16690.23,6043.46,1812.24
100390,04-02-2024,Q4,APAC,Enterprise Cloud Software,10180.79,1465.64,553.9
100391,05-02-2024,Q3,North America,Edge Hardware Platforms,27454.61,11732.86,3087.72
100392,06-02-2024,Q3,APAC,Edge Hardware Platforms,19659.38,7287.31,2161.24
100393,07-02-2024,Q3,Europe,Edge Hardware Platforms,18737.01,7838.83,2367.84
100394,08-02-2024,Q1,North America,Edge Hardware Platforms,12707.08,5338.37,1572.72
100395,09-02-2024,Q2,APAC,Enterprise Cloud Software,5570.55,799.18,265.25
100396,10-02-2024,Q1,North America,SaaS Subscriptions,3497.28,333.78,73.57
100397,11-02-2024,Q2,Europe,Edge Hardware Platforms,11307.32,4511.69,1230.31
100398,12-02-2024,Q3,Europe,Edge Hardware Platforms,16918.41,6517.23,2140.59
100399,13-02-2024,Q4,North America,Enterprise Cloud Software,12324.49,1866.54,570.38
100400,14-02-2024,Q4,APAC,Edge Hardware Platforms,26557.37,11234.22,3266.19
100401,15-02-2024,Q3,Europe,SaaS Subscriptions,2869.79,299.9,53.85
100402,16-02-2024,Q2,North America,Edge Hardware Platforms,28940.72,12658.34,3252.72
100403,17-02-2024,Q1,North America,Edge Hardware Platforms,18359.8,6740.02,2284.14
100404,18-02-2024,Q3,Europe,SaaS Subscriptions,3364.46,329.98,67.86
100405,19-02-2024,Q2,APAC,Edge Hardware Platforms,22258,8415.57,2856.28
100406,20-02-2024,Q1,North America,SaaS Subscriptions,7099.85,733.99,140.93
100407,21-02-2024,Q4,Europe,Edge Hardware Platforms,20908.64,7631.27,2515.31
100408,22-02-2024,Q1,APAC,Edge Hardware Platforms,11039.13,4668.47,1245.58
100409,23-02-2024,Q3,North America,Enterprise Cloud Software,8302.15,1309.27,416.72
100410,24-02-2024,Q4,North America,SaaS Subscriptions,7277.49,781.69,137.95
100411,25-02-2024,Q2,Europe,SaaS Subscriptions,6632.07,600.49,121.11
100412,26-02-2024,Q4,Europe,SaaS Subscriptions,5232.21,522.99,96.39
100413,27-02-2024,Q4,Europe,SaaS Subscriptions,4282.52,451.86,93.61
100414,28-02-2024,Q2,North America,Edge Hardware Platforms,15742.76,6665.93,1918.45
100415,29-02-2024,Q1,Europe,Edge Hardware Platforms,17919.41,7762.82,2164.53
100416,01-03-2024,Q2,North America,Edge Hardware Platforms,25865.23,9966.93,3325.55
100417,02-03-2024,Q2,APAC,Enterprise Cloud Software,14835.21,2065.38,697.55
100418,03-03-2024,Q3,North America,SaaS Subscriptions,5925.76,551.35,117.1
100419,04-03-2024,Q4,Europe,Enterprise Cloud Software,13824.16,2199.54,691.93
100420,05-03-2024,Q4,Europe,SaaS Subscriptions,6007.52,616.93,112.12
100421,06-03-2024,Q1,APAC,Edge Hardware Platforms,13244.67,4781.44,1608.36
100422,07-03-2024,Q1,Europe,Edge Hardware Platforms,27805.16,10186.49,3491.1
100423,08-03-2024,Q3,North America,SaaS Subscriptions,6914.38,697.08,144.1
100424,09-03-2024,Q4,North America,Edge Hardware Platforms,26432.74,10486.96,3081.72
100425,10-03-2024,Q2,APAC,SaaS Subscriptions,5152.61,488.91,95.07
100426,11-03-2024,Q1,North America,Edge Hardware Platforms,18402.37,7957.71,2314.14
100427,12-03-2024,Q1,North America,Edge Hardware Platforms,18710.11,7599.67,2352.12
100428,13-03-2024,Q3,APAC,SaaS Subscriptions,3523.85,319.34,73.85
100429,14-03-2024,Q4,North America,Edge Hardware Platforms,10076.34,4176.98,1128.66
100430,15-03-2024,Q2,Europe,SaaS Subscriptions,2436.03,223,47.17
100431,16-03-2024,Q4,Europe,Edge Hardware Platforms,14252.89,5168.88,1643.28
100432,17-03-2024,Q3,Europe,SaaS Subscriptions,7227.23,761.18,152.88
100433,18-03-2024,Q2,Europe,Enterprise Cloud Software,14071.95,2182.87,712.1
100434,19-03-2024,Q3,North America,Edge Hardware Platforms,19207.17,8243.05,2326.36
100435,20-03-2024,Q1,North America,SaaS Subscriptions,2664.32,262.3,48.41
100436,21-03-2024,Q1,Europe,SaaS Subscriptions,3680.22,394.4,70.55
100437,22-03-2024,Q4,APAC,Edge Hardware Platforms,26098.14,9432.93,3421.66
100438,23-03-2024,Q2,Europe,Edge Hardware Platforms,26587.89,10170.44,3428.4
100439,22-03-2024,Q3,North America,Edge Hardware Platforms,20813.97,7653.77,2368.74
100440,23-03-2024,Q3,North America,Edge Hardware Platforms,16025.31,6536.22,1845.05
100441,24-03-2024,Q4,North America,Edge Hardware Platforms,10962.86,4738.49,1408.23
100442,25-03-2024,Q2,Europe,Edge Hardware Platforms,27846.05,10437.44,3060.15
100443,26-03-2024,Q1,North America,Edge Hardware Platforms,10693.41,4348.2,1410.36
100444,27-03-2024,Q3,APAC,Edge Hardware Platforms,11272.82,4807.97,1379.52
100445,28-03-2024,Q3,Europe,Edge Hardware Platforms,10652.91,4575.26,1167.05
100446,29-03-2024,Q4,APAC,Enterprise Cloud Software,11944.5,1641.97,646.28
100447,30-03-2024,Q1,Europe,Enterprise Cloud Software,8408.16,1176.68,392.71
100448,31-03-2024,Q2,APAC,Edge Hardware Platforms,25776.05,10598.3,3202.27
100449,01-04-2024,Q1,North America,Enterprise Cloud Software,12867.5,2111.85,612.84
100450,02-04-2024,Q2,Europe,Edge Hardware Platforms,20125.32,8266.04,2207.8
100451,03-04-2024,Q2,North America,Edge Hardware Platforms,19449.87,7072.98,2165.95
100452,04-04-2024,Q4,North America,SaaS Subscriptions,3988.08,397.38,74.91
100453,05-04-2024,Q4,Europe,Enterprise Cloud Software,7069.93,1064,318.54
100454,06-04-2024,Q3,North America,Enterprise Cloud Software,5367.21,741.97,259.71
100455,07-04-2024,Q3,APAC,Edge Hardware Platforms,20253.35,7766.74,2640.27
100456,08-04-2024,Q1,North America,Enterprise Cloud Software,11170.67,1546.19,541.24
100457,09-04-2024,Q1,Europe,SaaS Subscriptions,4961.28,516.2,109.01
100458,10-04-2024,Q1,North America,Enterprise Cloud Software,8945.76,1320.88,439.33
100459,11-04-2024,Q2,APAC,Edge Hardware Platforms,22158.1,8525.32,2831.16
100460,12-04-2024,Q2,APAC,SaaS Subscriptions,2009.39,206.42,36.58
100461,13-04-2024,Q4,North America,Enterprise Cloud Software,11037.95,1717.48,509.34
100462,14-04-2024,Q4,Europe,Edge Hardware Platforms,12420.5,4887.66,1565.33
100463,15-04-2024,Q3,North America,Enterprise Cloud Software,8547.71,1395.43,441.79
100464,16-04-2024,Q1,Europe,Edge Hardware Platforms,21873.22,7892.09,2696.23
100465,17-04-2024,Q4,APAC,Edge Hardware Platforms,27473.97,11481.86,3046.68
100466,18-04-2024,Q2,APAC,Enterprise Cloud Software,10339.67,1439.94,466.5
100467,19-04-2024,Q2,Europe,Enterprise Cloud Software,8993.69,1459.71,477.39
100468,20-04-2024,Q1,North America,Edge Hardware Platforms,26334.46,9622.37,3088.96
100469,21-04-2024,Q1,APAC,Edge Hardware Platforms,11552.29,4660.23,1486.57
100470,22-04-2024,Q3,Europe,Enterprise Cloud Software,8842.4,1313.13,449.13
100471,23-04-2024,Q3,APAC,Enterprise Cloud Software,13896.52,1881.16,676.77
100472,24-04-2024,Q3,North America,Edge Hardware Platforms,20516.25,8225.67,2297.31
100473,25-04-2024,Q1,Europe,Enterprise Cloud Software,12619.07,2061.95,610.73
100474,26-04-2024,Q4,Europe,Edge Hardware Platforms,16812.08,6148.8,1980.99
100475,27-04-2024,Q3,North America,Edge Hardware Platforms,22115.58,8606.66,2504.13
100476,28-04-2024,Q2,APAC,Edge Hardware Platforms,23765.48,8822.8,2843.64
100477,29-04-2024,Q4,North America,Edge Hardware Platforms,29280.35,11440.9,3189.68
100478,30-04-2024,Q3,North America,Edge Hardware Platforms,13200.5,4776.84,1665.23
100479,01-05-2024,Q2,Europe,Enterprise Cloud Software,14000.83,1938.89,763.87
100480,02-05-2024,Q3,North America,SaaS Subscriptions,5617.66,598.47,123.23
100481,03-05-2024,Q1,North America,SaaS Subscriptions,4336.89,423.76,83.97
100482,04-05-2024,Q4,Europe,Enterprise Cloud Software,10537.11,1593.75,554.45
100483,05-05-2024,Q4,APAC,Edge Hardware Platforms,16046.66,6109.71,1807.99
100484,06-05-2024,Q4,North America,Edge Hardware Platforms,15404.95,6736.79,1869.93
100485,07-05-2024,Q3,North America,Edge Hardware Platforms,12783.93,5056.34,1572.8
100486,08-05-2024,Q2,Europe,Edge Hardware Platforms,29876.97,12859.8,3673.72
100487,09-05-2024,Q2,Europe,Edge Hardware Platforms,14026.24,5492.83,1528.12
100488,10-05-2024,Q1,Europe,SaaS Subscriptions,2794.23,284.62,56.99
100489,11-05-2024,Q1,North America,Edge Hardware Platforms,10759.63,4515.48,1303.89
100490,12-05-2024,Q3,North America,Edge Hardware Platforms,19335.64,7014.14,2538.2
100491,13-05-2024,Q3,APAC,Edge Hardware Platforms,11873.45,4991.24,1422.51
100492,14-05-2024,Q4,North America,Edge Hardware Platforms,20448.88,8282.14,2425.02
100493,15-05-2024,Q4,Europe,Edge Hardware Platforms,21545.58,9248.36,2834.06
100494,16-05-2024,Q1,Europe,SaaS Subscriptions,6587.17,668.4,143.76
100495,17-05-2024,Q2,North America,Enterprise Cloud Software,13539.62,2006.23,723.96
100496,18-05-2024,Q1,APAC,Enterprise Cloud Software,13834.65,2053.75,693.18
100497,19-05-2024,Q3,Europe,SaaS Subscriptions,2114.7,210.49,43.88
100498,20-05-2024,Q2,Europe,Edge Hardware Platforms,12688.7,4871.85,1479.62
100499,21-05-2024,Q3,APAC,Enterprise Cloud Software,7107.05,1163.59,320.45
100500,22-05-2024,Q2,APAC,Edge Hardware Platforms,26569.39,10191.21,2878.62
100501,23-05-2024,Q2,Europe,SaaS Subscriptions,6442.86,598.26,135.39
100502,24-05-2024,Q1,APAC,Edge Hardware Platforms,25322.32,10829.69,3107.72
100503,25-05-2024,Q4,North America,Edge Hardware Platforms,11552.99,4535.74,1360.6
100504,26-05-2024,Q4,North America,Edge Hardware Platforms,12219.96,5189.31,1597.69
100505,27-05-2024,Q3,North America,SaaS Subscriptions,5135.46,492.96,94.02
100506,28-05-2024,Q3,Europe,Edge Hardware Platforms,24141.73,8788.03,2649.55
100507,29-05-2024,Q1,Europe,Enterprise Cloud Software,7323.84,1050.46,388.42
100508,30-05-2024,Q2,Europe,SaaS Subscriptions,3928.97,391.05,74.27
100509,31-05-2024,Q2,Europe,SaaS Subscriptions,5620.96,546.11,115.74
100510,01-06-2024,Q4,North America,SaaS Subscriptions,5018.5,496.77,102.09
100511,02-06-2024,Q4,Europe,Enterprise Cloud Software,11826.17,1682.37,616.61
100512,03-06-2024,Q3,APAC,SaaS Subscriptions,5315.01,533.65,98.71
100513,04-06-2024,Q3,APAC,Enterprise Cloud Software,9966.95,1430.54,461.85
100514,05-06-2024,Q3,Europe,Enterprise Cloud Software,12486.45,1804.64,561.91
100515,06-06-2024,Q2,Europe,Enterprise Cloud Software,7761.7,1212.45,354.14
100516,07-06-2024,Q2,APAC,Enterprise Cloud Software,7468.24,1174.21,359.69
100517,08-06-2024,Q1,North America,Edge Hardware Platforms,15407.87,6585.58,1779.92
100518,09-06-2024,Q1,APAC,SaaS Subscriptions,4602.9,498.03,89.8
100519,10-06-2024,Q3,APAC,Enterprise Cloud Software,11870.19,1778.33,580.17
100520,11-06-2024,Q3,APAC,Edge Hardware Platforms,12782.32,4861.61,1649.08
100521,12-06-2024,Q4,North America,Enterprise Cloud Software,6296.01,977.66,342.75
100522,13-06-2024,Q4,North America,Edge Hardware Platforms,22686.79,9981.22,2507.24
100523,14-06-2024,Q4,Europe,Edge Hardware Platforms,27316.4,10874.04,3022.93
100524,15-06-2024,Q1,Europe,Edge Hardware Platforms,10057.63,4311.87,1131.13
100525,16-06-2024,Q3,Europe,Edge Hardware Platforms,24393.08,9505.81,3143.64
100526,17-06-2024,Q2,Europe,Edge Hardware Platforms,25924.81,10896.76,2822.24
100527,18-06-2024,Q4,North America,SaaS Subscriptions,2754.35,288.5,60.32
100528,19-06-2024,Q2,North America,Edge Hardware Platforms,19363.08,7867.88,2130.87
100529,20-06-2024,Q2,North America,Edge Hardware Platforms,26466.19,11183.59,3203.77
100530,21-06-2024,Q4,North America,Edge Hardware Platforms,14837.78,6423.06,1900.99
100531,22-06-2024,Q1,Europe,SaaS Subscriptions,2188.53,229.19,42.28
100532,23-06-2024,Q3,APAC,Enterprise Cloud Software,12248.56,1976.05,556.29
100533,24-06-2024,Q1,North America,Edge Hardware Platforms,19098.38,7283.74,2163.38
100534,25-06-2024,Q4,North America,SaaS Subscriptions,5452.13,499.02,106.48
100535,26-06-2024,Q4,North America,Enterprise Cloud Software,5175.52,744.24,272.91
100536,27-06-2024,Q2,Europe,Edge Hardware Platforms,17434.79,6278.41,2008.4
100537,28-06-2024,Q2,Europe,SaaS Subscriptions,7082.36,640.75,152.94
100538,29-06-2024,Q3,APAC,Edge Hardware Platforms,19159.92,7507.63,2208.56
100539,30-06-2024,Q4,North America,Enterprise Cloud Software,7466.04,1116.34,391.78
100540,01-07-2024,Q3,Europe,Enterprise Cloud Software,14577.9,2380.3,770.47
100541,02-07-2024,Q3,APAC,Edge Hardware Platforms,29255.37,10708.88,3416.33
100542,03-07-2024,Q4,North America,Enterprise Cloud Software,6408.03,984.74,338.43
100543,04-07-2024,Q2,Europe,Enterprise Cloud Software,13111.24,2020.16,640.9
100544,05-07-2024,Q2,Europe,Enterprise Cloud Software,8451.92,1373.64,404.89
100545,06-07-2024,Q1,Europe,SaaS Subscriptions,6246.33,569.94,116.11
100546,07-07-2024,Q1,North America,Edge Hardware Platforms,18953.47,7026.85,2482.72
100547,08-07-2024,Q2,Europe,Enterprise Cloud Software,10006.04,1554.82,457.9
100548,09-07-2024,Q3,APAC,Edge Hardware Platforms,20937.19,7839.4,2491.66
100549,10-07-2024,Q3,Europe,SaaS Subscriptions,4888,527.68,101.17
100550,11-07-2024,Q3,North America,SaaS Subscriptions,5163.4,505.17,106.55
100551,12-07-2024,Q4,North America,Edge Hardware Platforms,19964.72,7836.83,2612.83
100552,13-07-2024,Q4,Europe,Enterprise Cloud Software,9589.63,1559.1,448.42
100553,14-07-2024,Q2,North America,Enterprise Cloud Software,5141.9,822.1,269.03
100554,15-07-2024,Q1,North America,Edge Hardware Platforms,17904.12,7810.35,2349.19
100555,16-07-2024,Q4,North America,SaaS Subscriptions,6638.53,638.63,125.66
100556,17-07-2024,Q3,Europe,Edge Hardware Platforms,29203.36,12297.14,3753.36
100557,18-07-2024,Q4,Europe,SaaS Subscriptions,6706.53,654.15,135.53
100558,19-07-2024,Q3,North America,SaaS Subscriptions,3067.33,307.63,65.13
100559,20-07-2024,Q3,North America,Enterprise Cloud Software,9027.64,1461.03,406.28
100560,21-07-2024,Q3,APAC,Enterprise Cloud Software,14900.86,2438.46,744.25
100561,22-07-2024,Q2,Europe,Edge Hardware Platforms,22708.87,8340.01,2470.34
100562,23-07-2024,Q1,North America,Edge Hardware Platforms,15510.96,6355.82,2044.63
100563,24-07-2024,Q2,North America,Edge Hardware Platforms,18312.08,7833.57,2374.23
100564,25-07-2024,Q2,APAC,SaaS Subscriptions,2165.12,231.23,45.48
100565,26-07-2024,Q1,North America,SaaS Subscriptions,2889.07,299.28,54.6
100566,27-07-2024,Q4,Europe,Edge Hardware Platforms,21266.49,8383.25,2463.34
100567,28-07-2024,Q4,APAC,Enterprise Cloud Software,9301.03,1507.82,497.22
100568,29-07-2024,Q3,Europe,Edge Hardware Platforms,26463.22,11408.59,3203.85
100569,30-07-2024,Q3,North America,Enterprise Cloud Software,7956.95,1215.93,360.67
100570,31-07-2024,Q3,Europe,Edge Hardware Platforms,15904.84,6844.8,1893.31
100571,01-08-2024,Q1,North America,SaaS Subscriptions,2285.85,238.95,48.22
100572,02-08-2024,Q1,North America,SaaS Subscriptions,5093.96,505.66,92.62
100573,03-08-2024,Q4,Europe,Enterprise Cloud Software,6278.67,991.82,282.54
100574,04-08-2024,Q3,Europe,Edge Hardware Platforms,11092.69,4856.89,1258.21
100575,05-08-2024,Q2,North America,Edge Hardware Platforms,14608.33,5260.72,1833.41
100576,06-08-2024,Q2,APAC,Enterprise Cloud Software,11630.47,1828.97,622.05
100577,07-08-2024,Q3,Europe,Edge Hardware Platforms,16505.9,6883.12,2106.2
100578,08-08-2024,Q1,North America,Edge Hardware Platforms,28038.8,11903.47,3690.93
100579,09-08-2024,Q1,APAC,Edge Hardware Platforms,21812.76,9006.08,2396.85
100580,10-08-2024,Q4,Europe,Edge Hardware Platforms,13346.43,5638.21,1628.41
100581,11-08-2024,Q3,Europe,Edge Hardware Platforms,17234.21,7513.02,2122.77
100582,12-08-2024,Q4,North America,Edge Hardware Platforms,25614.64,10673.09,2872.17
100583,13-08-2024,Q4,APAC,Edge Hardware Platforms,13180.5,4934.99,1454.57
100584,14-08-2024,Q2,APAC,Enterprise Cloud Software,6251.25,1003.41,302.85
100585,15-08-2024,Q2,North America,Enterprise Cloud Software,6421.7,908.04,331.69
100586,16-08-2024,Q1,North America,Enterprise Cloud Software,12647.19,1961.98,624.18
100587,17-08-2024,Q1,Europe,Edge Hardware Platforms,19650.01,7870.49,2304.82
100588,18-08-2024,Q1,APAC,Enterprise Cloud Software,12821.71,1778.77,679.24
100589,19-08-2024,Q1,Europe,SaaS Subscriptions,2585.09,261.56,51.71
100590,20-08-2024,Q3,Europe,Edge Hardware Platforms,20814.69,8208.64,2402.27
100591,21-08-2024,Q2,Europe,Enterprise Cloud Software,14615.13,2286.28,796.89
100592,22-08-2024,Q2,North America,SaaS Subscriptions,6852.74,709.55,140.48
100593,23-08-2024,Q1,North America,SaaS Subscriptions,5009.09,457.92,96.43
100594,24-08-2024,Q1,APAC,SaaS Subscriptions,7891.43,809.34,149.86
100595,25-08-2024,Q4,North America,Enterprise Cloud Software,5197.96,762.65,243.86
100596,26-08-2024,Q4,APAC,Edge Hardware Platforms,27559.69,11256.49,3139.91
100597,27-08-2024,Q3,North America,Enterprise Cloud Software,8334.63,1294.59,381.07
100598,28-08-2024,Q3,North America,Edge Hardware Platforms,29640.99,12531.88,3723.02
100599,29-08-2024,Q2,North America,Edge Hardware Platforms,25705.38,10490.06,3387.16
100600,30-08-2024,Q2,North America,SaaS Subscriptions,7488.39,675.67,148.27
100601,31-08-2024,Q1,North America,SaaS Subscriptions,2679.82,262.82,56.15
100602,01-09-2024,Q2,Europe,Edge Hardware Platforms,16930.48,6633.51,1935.88
100603,02-09-2024,Q3,North America,Edge Hardware Platforms,15370.68,5886.92,1902.31
100604,03-09-2024,Q2,APAC,Edge Hardware Platforms,11539.59,4224.03,1509.77
100605,03-09-2024,Q2,North America,Enterprise Cloud Software,10990.45,1689.34,565.84
100606,04-09-2024,Q4,North America,Enterprise Cloud Software,14650.15,2088.04,758.3
100607,05-09-2024,Q3,Europe,Edge Hardware Platforms,16258.15,6205.54,1989.09
100608,06-09-2024,Q2,APAC,SaaS Subscriptions,2635.43,245.35,57.4
100609,07-09-2024,Q2,Europe,SaaS Subscriptions,3215.8,327.21,66.9
100610,08-09-2024,Q4,Europe,Edge Hardware Platforms,10307.9,4191.54,1175.87
100611,09-09-2024,Q4,Europe,SaaS Subscriptions,4394.21,469.28,82.41
100612,10-09-2024,Q2,Europe,SaaS Subscriptions,2611.36,235.46,51.53
100613,11-09-2024,Q3,North America,Edge Hardware Platforms,28290.97,11167.06,3231.09
100614,11-09-2024,Q1,Europe,Edge Hardware Platforms,10181.08,4145.29,1249.41
100615,12-09-2024,Q1,Europe,Edge Hardware Platforms,14080.49,5805.66,1797.25
100616,13-09-2024,Q3,North America,SaaS Subscriptions,2177.02,211.43,39.32
100617,14-09-2024,Q3,North America,SaaS Subscriptions,4129.16,406.7,77.88
100618,15-09-2024,Q3,Europe,Edge Hardware Platforms,17444.01,6744.6,2254.45
100619,16-09-2024,Q2,North America,Edge Hardware Platforms,15666.1,6625.84,1841.37
100620,17-09-2024,Q2,Europe,Enterprise Cloud Software,14876.6,2138.43,784.11
100621,18-09-2024,Q1,Europe,Enterprise Cloud Software,12997.19,1884.7,697.32
100622,19-09-2024,Q1,APAC,SaaS Subscriptions,2210.05,233.71,43.42
100623,20-09-2024,Q4,APAC,Edge Hardware Platforms,26672.86,10667.93,3223.16
100624,21-09-2024,Q4,North America,Edge Hardware Platforms,18387.79,7355.23,2332.35
100625,22-09-2024,Q2,Europe,Enterprise Cloud Software,10902.33,1605.14,541.79
100626,23-09-2024,Q2,North America,Enterprise Cloud Software,7810.38,1221.46,352.36
100627,24-09-2024,Q3,Europe,SaaS Subscriptions,2671.28,268.01,56.49
100628,25-09-2024,Q3,Europe,Edge Hardware Platforms,26529.76,10497.72,3378.31
100629,26-09-2024,Q1,North America,SaaS Subscriptions,4659.84,470.96,88.63
100630,27-09-2024,Q1,Europe,Enterprise Cloud Software,13726.36,2194.07,647.34
100631,28-09-2024,Q2,APAC,Edge Hardware Platforms,22644.33,8828.61,2593.14
100632,29-09-2024,Q4,North America,Edge Hardware Platforms,28071.17,10279.98,3590.1
100633,30-09-2024,Q4,North America,Edge Hardware Platforms,25889.71,11152,3010.32
100634,01-10-2024,Q4,Europe,Edge Hardware Platforms,10265.02,3938.44,1221.75
100635,02-10-2024,Q4,Europe,Edge Hardware Platforms,17696.07,7063.39,2093.63
100636,03-10-2024,Q3,Europe,SaaS Subscriptions,5191.33,549.18,99.61
100637,04-10-2024,Q2,North America,Enterprise Cloud Software,6657.48,1076.69,315.67
100638,05-10-2024,Q1,North America,Enterprise Cloud Software,7223.61,1087.71,368.96
100639,06-10-2024,Q1,North America,Enterprise Cloud Software,8910.33,1265.5,420.53
100640,07-10-2024,Q3,APAC,Edge Hardware Platforms,21137.57,8312.6,2500.46
100641,08-10-2024,Q3,Europe,Edge Hardware Platforms,24042.92,8985.69,2885.22
100642,09-10-2024,Q2,Europe,SaaS Subscriptions,5788.51,582.61,106.87
100643,10-10-2024,Q2,Europe,Enterprise Cloud Software,8372.07,1166.11,434.68
100644,11-10-2024,Q4,North America,Edge Hardware Platforms,27913.5,10505.11,3354.85
100645,12-10-2024,Q4,Europe,Enterprise Cloud Software,12927.58,1772,643.05
100646,13-10-2024,Q3,Europe,Edge Hardware Platforms,23772.63,9039.82,2573.14
100647,14-10-2024,Q3,Europe,SaaS Subscriptions,6928.33,740.41,138.15
100648,15-10-2024,Q3,North America,Edge Hardware Platforms,19025.88,7128.53,2445.19
100649,16-10-2024,Q2,APAC,Edge Hardware Platforms,11513.99,4502.27,1465.56
100650,17-10-2024,Q4,APAC,Enterprise Cloud Software,5669.74,914.65,277.22
100651,18-10-2024,Q4,Europe,SaaS Subscriptions,2399.39,247.06,43.9
100652,19-10-2024,Q2,North America,SaaS Subscriptions,4600.83,505.83,93.1
100653,20-10-2024,Q1,North America,Enterprise Cloud Software,8505.21,1243.26,388.58
100654,21-10-2024,Q3,North America,Edge Hardware Platforms,24454.76,10088.53,3057.1
100655,22-10-2024,Q2,North America,Enterprise Cloud Software,11616.84,1736.95,523.38
100656,23-10-2024,Q2,APAC,Edge Hardware Platforms,20968.38,7660.11,2650.33
100657,24-10-2024,Q1,Europe,Edge Hardware Platforms,25034.94,10620.83,3015.01
100658,25-10-2024,Q1,North America,Edge Hardware Platforms,22409.48,9398.09,2511.59
100659,26-10-2024,Q2,North America,SaaS Subscriptions,6499.87,703.06,136.72
100660,28-10-2024,Q2,Europe,Edge Hardware Platforms,27051.7,10910.81,3413.88
100661,29-10-2024,Q3,North America,Edge Hardware Platforms,24255.55,9481.42,2962.19
100662,30-10-2024,Q4,North America,Edge Hardware Platforms,27230.27,11695.16,3414.25
100663,31-10-2024,Q4,Europe,Edge Hardware Platforms,21693.36,8041.56,2573.97
100664,01-11-2024,Q2,Europe,SaaS Subscriptions,4586.52,463.18,92.34
100665,02-11-2024,Q1,Europe,Edge Hardware Platforms,14500.84,5833.66,1853.53
100666,03-11-2024,Q3,Europe,Enterprise Cloud Software,11547.09,1844.22,526.91
100667,04-11-2024,Q4,APAC,Edge Hardware Platforms,25217.03,9456.83,2776.93
100668,05-11-2024,Q2,Europe,Edge Hardware Platforms,18646.92,6759.36,2130.03
100669,06-11-2024,Q2,North America,SaaS Subscriptions,3460.38,350.01,62.83
100670,07-11-2024,Q2,Europe,Edge Hardware Platforms,27958.38,12051.44,3237.78
100671,08-11-2024,Q1,APAC,SaaS Subscriptions,6952.49,743.2,132.07
100672,09-11-2024,Q1,Europe,Enterprise Cloud Software,5949.18,981.42,287.15
100673,10-11-2024,Q3,Europe,SaaS Subscriptions,7148.14,785.96,135.57
100674,11-11-2024,Q4,North America,Edge Hardware Platforms,12601.61,4559.19,1469.98
100675,12-11-2024,Q4,APAC,Edge Hardware Platforms,16255.56,6702.94,1846.12
100676,13-11-2024,Q4,North America,SaaS Subscriptions,6236.95,599.86,115.57
100677,14-11-2024,Q3,Europe,Enterprise Cloud Software,14384.14,2120.86,705.16
100678,15-11-2024,Q1,North America,Enterprise Cloud Software,11383.22,1787.05,589.21
100679,16-11-2024,Q1,North America,Edge Hardware Platforms,21389.69,9186.29,2504.71
100680,17-11-2024,Q1,North America,Edge Hardware Platforms,22661.45,9008.9,2688.41
100681,18-11-2024,Q4,Europe,SaaS Subscriptions,4767,518.64,95.42
100682,19-11-2024,Q4,APAC,SaaS Subscriptions,4174.59,447.82,76.98
100683,20-11-2024,Q2,APAC,Edge Hardware Platforms,11087.81,4563.08,1456.74
100684,21-11-2024,Q2,North America,Edge Hardware Platforms,24955.89,10601.78,2943.09
100685,22-11-2024,Q3,North America,Enterprise Cloud Software,10797.26,1604.34,588.32
100686,23-11-2024,Q4,North America,Edge Hardware Platforms,22193.95,9232.04,2843.39
100687,24-11-2024,Q2,APAC,SaaS Subscriptions,5215.61,520.36,102.27
100688,25-11-2024,Q1,North America,Edge Hardware Platforms,15540.25,6739.88,1895.86
100689,26-11-2024,Q1,Europe,Edge Hardware Platforms,11039.79,4002.36,1304.46
100690,27-11-2024,Q4,North America,Edge Hardware Platforms,27619.46,11893.86,3419.76
100691,28-11-2024,Q2,North America,SaaS Subscriptions,7316.56,687.27,153.28
100692,29-11-2024,Q2,APAC,Enterprise Cloud Software,7005.53,991.19,363.67
100693,30-11-2024,Q2,Europe,Edge Hardware Platforms,28815.47,12162.23,3200.55
100694,01-12-2024,Q1,North America,Edge Hardware Platforms,17919.23,7410.4,2318.85
100695,02-12-2024,Q1,North America,Edge Hardware Platforms,25788.19,10142.43,2889.18
100696,03-12-2024,Q4,Europe,Enterprise Cloud Software,14423.83,1979.59,712.31
100697,04-12-2024,Q3,Europe,SaaS Subscriptions,2996.13,276.51,54.03
100698,05-12-2024,Q2,North America,Enterprise Cloud Software,11305.81,1600.8,511.08
100699,06-12-2024,Q3,APAC,Edge Hardware Platforms,17073.93,6559.78,2243.67
100700,07-12-2024,Q3,North America,SaaS Subscriptions,6660.82,609.66,146.18
100701,08-12-2024,Q1,North America,Enterprise Cloud Software,13293.14,2076.39,680.24
100702,09-12-2024,Q2,North America,Edge Hardware Platforms,25611.12,9842.1,2957.59
100703,10-12-2024,Q4,North America,Enterprise Cloud Software,13754.06,2039.07,754.3
100704,11-12-2024,Q2,APAC,Enterprise Cloud Software,9186.07,1366.45,479.97
100705,12-12-2024,Q3,Europe,Edge Hardware Platforms,25540.99,10956.48,2950.83
100706,13-12-2024,Q1,Europe,SaaS Subscriptions,7936.71,855.5,154.65
100707,14-12-2024,Q3,North America,Edge Hardware Platforms,24832.83,9918.37,2969.92
100708,15-12-2024,Q3,APAC,Edge Hardware Platforms,27195.89,10675.59,3151.39
100709,16-12-2024,Q4,Europe,Edge Hardware Platforms,12520.04,4703.95,1638.06
100710,17-12-2024,Q2,North America,Edge Hardware Platforms,21586.29,8616.6,2665.34
100711,18-12-2024,Q1,North America,Edge Hardware Platforms,17443.47,7202.99,1943.02
100712,19-12-2024,Q4,Europe,Enterprise Cloud Software,7786.43,1102.26,364.63
100713,20-12-2024,Q2,APAC,Enterprise Cloud Software,14271.24,2341.88,723.73
100714,21-12-2024,Q3,North America,Edge Hardware Platforms,25954.65,10106.51,2857.31
100715,22-12-2024,Q4,Europe,SaaS Subscriptions,6775.56,633.53,140.19
100716,23-12-2024,Q1,North America,Enterprise Cloud Software,13740.72,1957.92,654.5
100717,24-12-2024,Q1,North America,SaaS Subscriptions,6755.57,692.76,141.87
100718,25-12-2024,Q4,North America,Edge Hardware Platforms,13990.11,5365.43,1590.54
100719,26-12-2024,Q3,APAC,SaaS Subscriptions,5659.65,614.02,119.66
100720,27-12-2024,Q2,Europe,Enterprise Cloud Software,12725.16,1986.07,650.92
100721,28-12-2024,Q2,APAC,Edge Hardware Platforms,24081.67,10471.04,2818.02
100722,29-12-2024,Q1,Europe,Edge Hardware Platforms,23487.99,9889.18,2562.33
100723,30-12-2024,Q1,Europe,Enterprise Cloud Software,11700.33,1743.93,617.02
100724,31-12-2024,Q1,North America,Edge Hardware Platforms,15569.41,6667.42,2028.4
100725,01-01-2023,Q3,APAC,Edge Hardware Platforms,25074.68,9459.17,2910.27
100726,02-01-2023,Q3,Europe,Edge Hardware Platforms,28299.32,10615.96,3682.78
100727,03-01-2023,Q2,Europe,Edge Hardware Platforms,13996.83,5101.03,1702.62
100728,04-01-2023,Q1,North America,Edge Hardware Platforms,27129.87,11579.17,3533.84
100729,05-01-2023,Q1,North America,Edge Hardware Platforms,24988.52,9857.7,2751.27
100730,06-01-2023,Q4,North America,Edge Hardware Platforms,15850.33,6127.36,1823.59
100731,07-01-2023,Q3,North America,Edge Hardware Platforms,21945.85,9047.63,2471.44
100732,08-01-2023,Q3,North America,Edge Hardware Platforms,21992.55,8808.16,2560.15
100733,09-01-2023,Q2,North America,SaaS Subscriptions,2061.71,215.08,42.94
100734,10-01-2023,Q2,Europe,SaaS Subscriptions,3871.28,374.74,70.91
100735,11-01-2023,Q2,Europe,Enterprise Cloud Software,8433.87,1349.73,458.42
100736,12-01-2023,Q4,North America,Edge Hardware Platforms,28572.61,10427.42,3149.18
100737,13-01-2023,Q1,North America,Edge Hardware Platforms,13009.45,5690.93,1544.5
100738,14-01-2023,Q1,North America,Enterprise Cloud Software,5600.96,908.16,288.31
100739,15-01-2023,Q3,North America,Enterprise Cloud Software,7942.67,1099.61,432.2
100740,16-01-2023,Q3,APAC,Edge Hardware Platforms,27299.25,10372.53,3418.16
100741,17-01-2023,Q2,APAC,Edge Hardware Platforms,25149.29,9647.41,2896.51
100742,18-01-2023,Q2,North America,Edge Hardware Platforms,24594.24,10703.85,3012.58
100743,19-01-2023,Q2,APAC,SaaS Subscriptions,3040.06,303.14,56.14
100744,20-01-2023,Q1,North America,Edge Hardware Platforms,18676.88,6969.32,2069.36
100745,21-01-2023,Q1,Europe,SaaS Subscriptions,4063.75,425.31,83.85
100746,22-01-2023,Q4,APAC,SaaS Subscriptions,5399.63,556.92,116.6
100747,23-01-2023,Q4,North America,Edge Hardware Platforms,10216.22,4353.38,1299.74
100748,24-01-2023,Q3,North America,Edge Hardware Platforms,19279.63,7123.76,2535.92
100749,25-01-2023,Q2,North America,Enterprise Cloud Software,10948.47,1720.73,496.23
100750,26-01-2023,Q1,Europe,Edge Hardware Platforms,12065.3,4510.03,1467.52
100751,27-01-2023,Q3,North America,SaaS Subscriptions,6912.44,758.1,131.6
100752,28-01-2023,Q4,APAC,Edge Hardware Platforms,16950.38,6170.41,1852.11
100753,29-01-2023,Q4,Europe,Edge Hardware Platforms,14530.43,5944.66,1657.47
100754,30-01-2023,Q3,Europe,Edge Hardware Platforms,26471.04,11267.55,3162.14
100755,31-01-2023,Q3,North America,Edge Hardware Platforms,26114.29,10086.76,2951.37
100756,01-02-2023,Q2,North America,Edge Hardware Platforms,19642.64,8392.76,2225.7
100757,02-02-2023,Q2,North America,SaaS Subscriptions,6941.74,678.15,137.7
100758,03-02-2023,Q4,North America,Enterprise Cloud Software,11791.99,1619.01,580.26
100759,04-02-2023,Q1,Europe,SaaS Subscriptions,3870.81,367.71,79.8
100760,05-02-2023,Q1,Europe,Edge Hardware Platforms,28562.04,12212.81,3238.24
100761,06-02-2023,Q3,North America,Edge Hardware Platforms,25471.44,9259.46,3174.76
100762,07-02-2023,Q2,Europe,Enterprise Cloud Software,11813.53,1928.03,537.14
100763,08-02-2023,Q4,North America,Edge Hardware Platforms,27985.21,12229,3320.69
100764,09-02-2023,Q4,APAC,Edge Hardware Platforms,20755.66,7933.81,2349.68
100765,10-02-2023,Q3,North America,Edge Hardware Platforms,10583.1,4578.04,1182.67
100766,11-02-2023,Q3,North America,Edge Hardware Platforms,24202.3,8898.18,2798.38
100767,12-02-2023,Q2,North America,Edge Hardware Platforms,26729.97,9730.17,3184.9
100768,13-02-2023,Q1,North America,Edge Hardware Platforms,15713.99,5771.9,1815.84
100769,14-02-2023,Q1,North America,Edge Hardware Platforms,17964.56,7105.2,2325.45
100770,15-02-2023,Q4,Europe,Enterprise Cloud Software,14431.75,2050.96,664.96
100771,16-02-2023,Q4,APAC,Edge Hardware Platforms,18675.41,7095.91,2262.33
100772,17-02-2023,Q2,North America,SaaS Subscriptions,3291.23,354.42,66.61
100773,18-02-2023,Q3,APAC,Edge Hardware Platforms,23933.9,9237.23,2719.21
100774,19-02-2023,Q4,North America,SaaS Subscriptions,6922.56,684.03,128.27
100775,20-02-2023,Q2,North America,Edge Hardware Platforms,19088.06,8063.09,2518.53
100776,21-02-2023,Q1,North America,Edge Hardware Platforms,18619.68,7156.65,2099.45
100777,22-02-2023,Q3,North America,SaaS Subscriptions,4519.09,451.63,97.92
100778,23-02-2023,Q3,APAC,Enterprise Cloud Software,10654.2,1579.67,564.38
100779,24-02-2023,Q1,Europe,Edge Hardware Platforms,16810.9,7134.5,1836.72
100780,25-02-2023,Q4,North America,Edge Hardware Platforms,11536.15,4369.89,1475.75
100781,26-02-2023,Q1,APAC,Edge Hardware Platforms,15290.32,5846.89,1753.27
100782,27-02-2023,Q3,Europe,Enterprise Cloud Software,5393.92,821.05,263.92
100783,28-02-2023,Q2,North America,Edge Hardware Platforms,10226.05,4325.51,1179.62
100784,01-03-2023,Q1,North America,Edge Hardware Platforms,17953.69,7861.99,2173.49
100785,02-03-2023,Q1,North America,Edge Hardware Platforms,15429.84,6670.93,1805.19
100746,03-03-2023,Q4,Europe,Enterprise Cloud Software,9261.21,1481.52,491.37
100787,04-03-2023,Q3,North America,Enterprise Cloud Software,13173.05,2146.05,605.35
100788,05-03-2023,Q2,Europe,Edge Hardware Platforms,27413.77,10052.14,3099.59
100789,06-03-2023,Q2,APAC,Enterprise Cloud Software,9925.35,1471.56,479.83
100790,07-03-2023,Q3,North America,Edge Hardware Platforms,13227.35,5367.13,1684.24
100791,08-03-2023,Q4,APAC,Enterprise Cloud Software,6492.49,928.72,315.6
100792,09-03-2023,Q1,Europe,Edge Hardware Platforms,11133.61,4038.98,1307.15
100793,10-03-2023,Q1,Europe,Enterprise Cloud Software,11415.04,1630.01,614.82
100794,11-03-2023,Q2,APAC,Enterprise Cloud Software,7299.94,1075.57,346.06
100795,12-03-2023,Q4,North America,Edge Hardware Platforms,12111.83,4404.15,1498.88
100796,13-03-2023,Q3,Europe,Enterprise Cloud Software,5349.39,881.01,242.33
100797,14-03-2023,Q1,Europe,Edge Hardware Platforms,12345.6,4611.39,1437.56
100798,15-03-2023,Q1,APAC,Edge Hardware Platforms,22758.04,9986.55,2877.35
100799,16-03-2023,Q2,Europe,Edge Hardware Platforms,22375.44,9246.19,2685.43
100800,17-03-2023,Q2,Europe,Enterprise Cloud Software,9296.23,1332.78,430.34
100801,18-03-2023,Q1,North America,Edge Hardware Platforms,20472.01,7785.23,2442.37
100802,19-03-2023,Q1,Europe,Enterprise Cloud Software,11520.93,1825.23,609.63
100803,20-03-2023,Q1,Europe,Edge Hardware Platforms,11220.14,4297.61,1236.89
100804,21-03-2023,Q1,APAC,Enterprise Cloud Software,6517.75,1053.84,354.82
100805,22-03-2023,Q1,APAC,Enterprise Cloud Software,5013.46,733.68,232.79
100806,23-03-2023,Q1,North America,Edge Hardware Platforms,28861.24,11137.71,3574.97
100807,24-03-2023,Q1,Europe,Enterprise Cloud Software,11504.25,1626.36,531.73
100808,25-03-2023,Q1,North America,Edge Hardware Platforms,16826.37,6701.64,2192.35
100809,26-03-2023,Q1,North America,Edge Hardware Platforms,10273.65,3765.58,1173.31
100810,27-03-2023,Q1,North America,Edge Hardware Platforms,18527.97,7482.55,2078.68
100811,28-03-2023,Q1,North America,Edge Hardware Platforms,29306.05,10668.38,3791.3
100812,29-03-2023,Q1,Europe,Edge Hardware Platforms,20005.57,7313.07,2203.75
100813,30-03-2023,Q1,Europe,Edge Hardware Platforms,28345.36,11126.33,3158.77
100814,31-03-2023,Q1,APAC,Edge Hardware Platforms,25695.39,11294.49,3148.5
100815,01-04-2023,Q2,North America,SaaS Subscriptions,5686.91,577.93,108.13
100816,02-04-2023,Q2,APAC,Enterprise Cloud Software,14242.87,2062.01,659.13
100817,03-04-2023,Q2,Europe,Enterprise Cloud Software,11846.26,1920.06,632.27
100818,04-04-2023,Q2,North America,Enterprise Cloud Software,13134.34,2137.32,651.55
100819,05-04-2023,Q2,Europe,Edge Hardware Platforms,27885.3,11477.37,3204.52
100820,06-04-2023,Q2,North America,SaaS Subscriptions,2081.8,200.8,42.09
100821,07-04-2023,Q2,North America,Enterprise Cloud Software,13152.76,2128.54,700.2
100822,08-04-2023,Q2,Europe,Enterprise Cloud Software,10488.73,1535.54,535.67
100823,09-04-2023,Q2,North America,Enterprise Cloud Software,5949.65,859.41,273.48
100824,10-04-2023,Q2,North America,SaaS Subscriptions,4664.62,469.44,100.26
100825,11-04-2023,Q2,APAC,Edge Hardware Platforms,26249.48,10136.38,3027.56
100826,12-04-2023,Q2,Europe,Edge Hardware Platforms,23643.83,9108.06,2629.12
100827,13-04-2023,Q2,Europe,Enterprise Cloud Software,10784.93,1680.32,560.88
100828,14-04-2023,Q2,APAC,SaaS Subscriptions,4999.75,523,102.38
100829,15-04-2023,Q2,North America,Enterprise Cloud Software,7845.41,1163.4,401.46
100830,16-04-2023,Q2,APAC,Enterprise Cloud Software,6255.5,1025.3,288.26
100831,17-04-2023,Q2,North America,Enterprise Cloud Software,12715.12,1965.21,678.02
100832,18-04-2023,Q2,APAC,Edge Hardware Platforms,11333.88,4123.8,1304.48
100833,19-04-2023,Q2,APAC,Edge Hardware Platforms,15435.73,6049.78,1888.81
100834,20-04-2023,Q2,Europe,Enterprise Cloud Software,14770.32,2235.39,684.71
100835,21-04-2023,Q2,APAC,Enterprise Cloud Software,14077.35,2321.31,732.08
100836,22-04-2023,Q2,APAC,Edge Hardware Platforms,28831.54,11601.15,3620.59
100837,23-04-2023,Q2,APAC,SaaS Subscriptions,6999.23,672.35,153.05
100838,24-04-2023,Q2,Europe,SaaS Subscriptions,6056.63,582.31,117.98
100839,25-04-2023,Q2,Europe,Edge Hardware Platforms,16359.65,6648.21,1902.55
100840,26-04-2023,Q2,APAC,Edge Hardware Platforms,11534.46,4305.63,1262.64
100841,27-04-2023,Q2,Europe,Enterprise Cloud Software,6141.4,1002.47,329.96
100842,28-04-2023,Q2,Europe,SaaS Subscriptions,2001.12,204.67,40.95
100843,29-04-2023,Q2,Europe,Edge Hardware Platforms,19107.66,7513.07,2398.62
100844,30-04-2023,Q2,North America,Enterprise Cloud Software,6805.18,972.28,341.98
100845,01-05-2023,Q2,Europe,Edge Hardware Platforms,12536.48,4906.02,1402.88
100846,02-05-2023,Q2,Europe,Enterprise Cloud Software,5585.65,846.62,284.6
100847,03-05-2023,Q2,APAC,Edge Hardware Platforms,16909.62,7173.75,2045.5
100848,04-05-2023,Q2,North America,Edge Hardware Platforms,28160.37,11030.56,3241.59
100849,05-05-2023,Q2,North America,Enterprise Cloud Software,9327.71,1425.93,427.27
100850,06-05-2023,Q2,APAC,Edge Hardware Platforms,21732.48,9264.01,2388.93
100851,07-05-2023,Q2,APAC,SaaS Subscriptions,4158.76,399.82,78.1
100852,08-05-2023,Q2,Europe,Edge Hardware Platforms,29754.99,11487.06,3495
100853,09-05-2023,Q2,Europe,SaaS Subscriptions,4817.11,474.26,105.89
100854,10-05-2023,Q2,North America,SaaS Subscriptions,2894.84,306.04,59.26
100855,11-05-2023,Q2,North America,SaaS Subscriptions,2077.44,196.39,42.1
100856,12-05-2023,Q2,North America,Edge Hardware Platforms,10482.2,3871.25,1164.05
100857,13-05-2023,Q2,North America,Edge Hardware Platforms,25042.57,10829.49,3206.67
100858,14-05-2023,Q2,North America,Edge Hardware Platforms,13988.23,5331.72,1679.78
100859,15-05-2023,Q2,North America,Enterprise Cloud Software,14353.78,2138.48,709.85
100860,16-05-2023,Q2,North America,Enterprise Cloud Software,13662.92,1911.97,671.55
100861,17-05-2023,Q2,North America,Edge Hardware Platforms,10420.42,4434.61,1331.69
100862,18-05-2023,Q2,APAC,Enterprise Cloud Software,13372.37,2023.11,651.74
100863,19-05-2023,Q2,Europe,Enterprise Cloud Software,6429.61,1011.18,305.03
100864,20-05-2023,Q2,Europe,Edge Hardware Platforms,27096.12,11819.14,3500.97
100865,21-05-2023,Q2,North America,Enterprise Cloud Software,9744.35,1317.63,441.01
100866,22-05-2023,Q2,Europe,Edge Hardware Platforms,27560.67,11151.87,3611.41
100867,23-05-2023,Q2,North America,Enterprise Cloud Software,5440.66,764.73,274.28
100868,24-05-2023,Q2,Europe,Enterprise Cloud Software,14459.71,2317.38,693.58
100869,25-05-2023,Q2,North America,Enterprise Cloud Software,6269.44,869.56,314.64
100870,26-05-2023,Q2,North America,Edge Hardware Platforms,29790.11,12355.3,3895.82
100871,27-05-2023,Q2,North America,Edge Hardware Platforms,21094.64,7723.61,2280.34
100872,28-05-2023,Q2,Europe,Edge Hardware Platforms,18215.78,7271.22,2148.93
100873,29-05-2023,Q2,North America,Edge Hardware Platforms,13541.65,4981.62,1773.43
100874,30-05-2023,Q2,Europe,Edge Hardware Platforms,16307.27,6383.51,1853.91
100875,31-05-2023,Q2,North America,Enterprise Cloud Software,12975.14,2015.38,654.85
100876,01-06-2023,Q2,Europe,SaaS Subscriptions,2436.41,232.95,47.27
100877,02-06-2023,Q2,APAC,SaaS Subscriptions,3444.02,370.18,73.44
100878,03-06-2023,Q2,North America,Edge Hardware Platforms,29564.41,11071.02,3760
100879,04-06-2023,Q2,North America,Edge Hardware Platforms,18400.22,7475.43,2354.91
100880,05-06-2023,Q2,APAC,SaaS Subscriptions,2357.7,244.83,43.76
100881,06-06-2023,Q2,Europe,Edge Hardware Platforms,18054.79,7250.24,2381.73
100882,07-06-2023,Q2,North America,Edge Hardware Platforms,17920.02,6641.89,2003.63
100883,08-06-2023,Q2,APAC,SaaS Subscriptions,7442.25,817.39,140.16
100884,09-06-2023,Q2,North America,Edge Hardware Platforms,19676.05,7741.96,2293.98
100885,10-06-2023,Q2,Europe,Edge Hardware Platforms,13229.16,5261.76,1604.48
100886,11-06-2023,Q2,Europe,Enterprise Cloud Software,12422.71,1686.46,603.1
100887,12-06-2023,Q2,APAC,Edge Hardware Platforms,15223.25,6326.73,1851.41
100888,13-06-2023,Q2,APAC,Edge Hardware Platforms,22202.16,8859.87,2468.8
100889,14-06-2023,Q2,North America,Edge Hardware Platforms,21985.99,8818.51,2526.55
100890,15-06-2023,Q2,Europe,SaaS Subscriptions,3455.47,317.3,66.6
100891,16-06-2023,Q2,North America,Enterprise Cloud Software,10738.51,1469.32,486.55
100892,17-06-2023,Q2,Europe,Edge Hardware Platforms,12507.51,4756.47,1543.55
100893,18-06-2023,Q2,North America,Edge Hardware Platforms,12433.91,5061.19,1437.18
100894,19-06-2023,Q2,Europe,SaaS Subscriptions,5669.88,543.83,107.86
100895,20-06-2023,Q2,North America,Enterprise Cloud Software,6811.72,1081.16,332.73
100896,21-06-2023,Q2,Europe,Edge Hardware Platforms,18529.99,7583.1,2037.52
100897,22-06-2023,Q2,North America,Enterprise Cloud Software,10180.77,1439.76,486.98
100898,23-06-2023,Q2,Europe,SaaS Subscriptions,2083.17,214.54,43.07
100899,24-06-2023,Q2,APAC,SaaS Subscriptions,2120.83,197.4,45.69
100900,25-06-2023,Q2,Europe,Edge Hardware Platforms,23260.54,9637.43,3032.29
100901,26-06-2023,Q2,APAC,Edge Hardware Platforms,15744.42,6776.09,1719
100902,27-06-2023,Q2,North America,SaaS Subscriptions,3537.15,333.95,65.62
100903,28-06-2023,Q2,APAC,Edge Hardware Platforms,23497.86,8908.63,2965.26
100904,29-06-2023,Q2,APAC,Edge Hardware Platforms,18213.65,6862.45,2393.96
100905,30-06-2023,Q2,Europe,SaaS Subscriptions,3820.31,403.57,80.47
100906,01-07-2023,Q3,Europe,SaaS Subscriptions,4361.33,403.92,90.22
100907,02-07-2023,Q3,Europe,Edge Hardware Platforms,14136.36,5659.58,1632.64
100908,03-07-2023,Q3,Europe,Edge Hardware Platforms,24904.29,9428.22,2931.93
100909,04-07-2023,Q3,Europe,SaaS Subscriptions,6872.47,731.95,145.56
100910,05-07-2023,Q3,North America,Edge Hardware Platforms,12863.23,5307.59,1587.29
100911,06-07-2023,Q3,North America,Edge Hardware Platforms,28064.96,10703.79,3578.21
100912,07-07-2023,Q3,North America,Edge Hardware Platforms,19712.94,7957.6,2567.19
100913,08-07-2023,Q3,APAC,Edge Hardware Platforms,15473.97,6699.39,1707.4
100914,09-07-2023,Q3,APAC,Edge Hardware Platforms,11075.45,4580.24,1257.63
100915,10-07-2023,Q3,North America,Edge Hardware Platforms,11273.7,4218.28,1218.95
100916,11-07-2023,Q3,APAC,Edge Hardware Platforms,23246.27,9766.83,2963.59
100917,12-07-2023,Q3,APAC,Edge Hardware Platforms,27170.13,10067.48,3394.12
100918,13-07-2023,Q3,Europe,Edge Hardware Platforms,15046.29,6467.55,1685.98
100919,14-07-2023,Q3,North America,Edge Hardware Platforms,19509.51,8348.66,2286.54
100920,15-07-2023,Q3,North America,SaaS Subscriptions,5293.46,496.44,110.54
100921,16-07-2023,Q3,Europe,Edge Hardware Platforms,19217.97,8192.56,2458.16
100922,17-07-2023,Q3,Europe,Enterprise Cloud Software,13388.54,2076.97,695.81
100923,18-07-2023,Q3,North America,Enterprise Cloud Software,11120.09,1603.39,536.67
100924,19-07-2023,Q3,North America,Edge Hardware Platforms,27249.93,10318.07,3397.64
100925,20-07-2023,Q3,Europe,SaaS Subscriptions,2793.73,306.06,56.8
100926,21-07-2023,Q3,APAC,SaaS Subscriptions,3329.1,303.36,63.33
100927,22-07-2023,Q3,Europe,Enterprise Cloud Software,6674.6,993.7,302.58
100928,23-07-2023,Q3,North America,SaaS Subscriptions,3499.84,320.12,72.28
100929,24-07-2023,Q3,Europe,Edge Hardware Platforms,18443.84,7798.15,2078.57
100930,25-07-2023,Q3,APAC,Edge Hardware Platforms,18379.4,7290.05,2098.18
100931,26-07-2023,Q3,APAC,Edge Hardware Platforms,16417.09,6692.99,2165.38
100932,27-07-2023,Q3,Europe,SaaS Subscriptions,4070.1,370.76,76.59
100933,28-07-2023,Q3,Europe,Enterprise Cloud Software,5002.27,812.62,267.32
100934,29-07-2023,Q3,Europe,Enterprise Cloud Software,6203.64,850.07,324.08
100935,30-07-2023,Q3,APAC,Edge Hardware Platforms,12382.81,4965.4,1441.01
100936,31-07-2023,Q3,North America,Edge Hardware Platforms,24374.36,8990.44,2653.25
100937,01-08-2023,Q3,APAC,Enterprise Cloud Software,5538.31,779.22,251.38
100938,02-08-2023,Q3,North America,SaaS Subscriptions,4047.47,400.23,83.79
100939,03-08-2023,Q3,Europe,SaaS Subscriptions,7196.21,649.09,151.93
100940,04-08-2023,Q3,Europe,SaaS Subscriptions,4899.39,537.65,102.98
100941,05-08-2023,Q3,APAC,SaaS Subscriptions,4391.85,471.06,83.75
100942,06-08-2023,Q3,Europe,SaaS Subscriptions,3955.29,431.45,73.12
100943,07-08-2023,Q3,North America,SaaS Subscriptions,2411.89,264.92,52.59
100944,08-08-2023,Q3,North America,Edge Hardware Platforms,13698.41,5400.63,1499.62
100945,09-08-2023,Q3,North America,Edge Hardware Platforms,18772.95,8226.3,2391.46
100946,10-08-2023,Q3,Europe,Edge Hardware Platforms,26799.96,10375.49,3350.36
100947,11-08-2023,Q3,APAC,Edge Hardware Platforms,23480.35,10038.91,3051.96
100948,12-08-2023,Q3,Europe,Enterprise Cloud Software,8262.82,1120.63,434.7
100949,13-08-2023,Q3,North America,SaaS Subscriptions,2711.96,253.4,53.98
100950,14-08-2023,Q3,Europe,Enterprise Cloud Software,9400.71,1405.27,442.99
100951,15-08-2023,Q3,APAC,Edge Hardware Platforms,10287.62,4364.4,1353.22
100952,16-08-2023,Q3,Europe,Edge Hardware Platforms,27568.32,12025.34,3476.61
100953,17-08-2023,Q3,Europe,Edge Hardware Platforms,24018.71,9020.03,2851.81
100954,18-08-2023,Q3,APAC,Edge Hardware Platforms,18224.08,7527.8,2019.91
100955,19-08-2023,Q3,Europe,Edge Hardware Platforms,14410.18,5402.04,1885.13
100956,20-08-2023,Q3,North America,SaaS Subscriptions,6408.25,666.41,137.21
100957,21-08-2023,Q3,North America,Edge Hardware Platforms,20073.77,8558.09,2412.77
100958,22-08-2023,Q3,Europe,Edge Hardware Platforms,19563.18,8244.66,2407.95
100959,23-08-2023,Q3,Europe,Edge Hardware Platforms,20622.19,8654.25,2635.98
100960,24-08-2023,Q3,Europe,SaaS Subscriptions,6921.94,700.76,143.18
100961,25-08-2023,Q3,APAC,Edge Hardware Platforms,26496.14,10998.68,3212.56
100962,26-08-2023,Q3,North America,Edge Hardware Platforms,29354.86,12112.44,3567.95
100963,27-08-2023,Q3,APAC,Edge Hardware Platforms,20521.65,8634.38,2567.34
100964,28-08-2023,Q3,North America,Edge Hardware Platforms,19450.31,7590.64,2342.11
100965,29-08-2023,Q3,Europe,Enterprise Cloud Software,9123.66,1251.48,463.1
100966,30-08-2023,Q3,APAC,Edge Hardware Platforms,17207.88,6314.7,1941.94
100967,31-08-2023,Q3,North America,Enterprise Cloud Software,5897.6,957.33,265.75
100968,01-09-2023,Q3,Europe,Enterprise Cloud Software,8076.79,1314.75,376.52
100969,02-09-2023,Q3,APAC,Enterprise Cloud Software,12415.66,1879.73,668.52
100970,03-09-2023,Q3,Europe,Edge Hardware Platforms,13909.16,5192.27,1808.13
100971,04-09-2023,Q3,North America,Edge Hardware Platforms,25196.47,9753.7,3296.95
100972,05-09-2023,Q3,Europe,Edge Hardware Platforms,27617.9,10052.04,3153.12
100973,06-09-2023,Q3,Europe,Enterprise Cloud Software,12439.05,2022.29,612.47
100974,07-09-2023,Q3,North America,SaaS Subscriptions,4669.11,465.89,90.61
100975,08-09-2023,Q3,APAC,Edge Hardware Platforms,25243.49,10727.08,2933.4
100976,09-09-2023,Q3,Europe,SaaS Subscriptions,4179.53,442.52,90.96
100977,10-09-2023,Q3,Europe,Edge Hardware Platforms,26101.95,11161.28,3066.49
100978,11-09-2023,Q3,North America,Edge Hardware Platforms,23475.12,9296.81,2957.28
100979,12-09-2023,Q3,Europe,Enterprise Cloud Software,12493.69,1891.18,587.71
100980,13-09-2023,Q3,North America,Edge Hardware Platforms,19652.02,7414.36,2578.63
100981,14-09-2023,Q3,Europe,SaaS Subscriptions,4562.63,453.99,98.52
100982,15-09-2023,Q3,Europe,Edge Hardware Platforms,15043.46,5953.27,1669.26
100983,16-09-2023,Q3,North America,Enterprise Cloud Software,5392.65,886.11,255.74
100984,17-09-2023,Q3,Europe,SaaS Subscriptions,5303.96,493.6,110.92
100985,18-09-2023,Q3,Europe,Edge Hardware Platforms,25394.93,11123.81,3092.23
100986,19-09-2023,Q3,North America,Edge Hardware Platforms,11368.81,4908.96,1260.4
100987,20-09-2023,Q3,North America,SaaS Subscriptions,5583.87,546.51,111.08
100988,21-09-2023,Q3,APAC,Edge Hardware Platforms,27392.99,10054.62,3469.13
100989,22-09-2023,Q3,Europe,Enterprise Cloud Software,13276.75,2087.05,702.21
100990,23-09-2023,Q3,North America,Enterprise Cloud Software,7864.74,1183.98,412.74
100991,24-09-2023,Q3,APAC,Edge Hardware Platforms,28571.94,11974.49,3295.79
100992,25-09-2023,Q3,North America,Edge Hardware Platforms,13857.41,5091.45,1673.61
100993,26-09-2023,Q3,APAC,Enterprise Cloud Software,12918.91,2058.59,643.66
100994,27-09-2023,Q3,North America,Enterprise Cloud Software,12074.26,1887.85,651.81
100995,28-09-2023,Q3,Europe,Enterprise Cloud Software,6214.15,973.35,291.06
100996,29-09-2023,Q3,North America,Edge Hardware Platforms,10495.3,3987.22,1236.23
100997,30-09-2023,Q3,North America,Enterprise Cloud Software,12280.12,1957.38,584.22
100998,01-10-2023,Q4,APAC,Edge Hardware Platforms,20133.72,8626.9,2536.83
100999,02-10-2023,Q4,APAC,Enterprise Cloud Software,5697.19,921.82,278.47
101000,03-10-2023,Q4,North America,Edge Hardware Platforms,26728.31,11466.42,3089.36
